Mineral,Spinel_group,Hematite_group,Quartz,Chlorite_group,Dolomite_group,Calcite_group-Siderite,Calcite_group-Calcite,Pyrite_group,Rutile_group,K-Feldspar,Stilpnomelane,Mica_group,Plagioclase,Goethite,Smectite_group,Sepiolite,Kaolinite-serpentine_group,Pyroxene,Total,Unassigned_peak,report,Client_sample_ID,BV_sample_ID
1-0055,31,3,38,4,5,10,0.5,,0.5,3,4,,,,,,,,100,Tr,N9646XD21,NSRD0800 Comp 4-53um DTR Feed,1-0055
2-0056,23,0.5,34,9,4,12,0.5,0.5,0.5,6,8,,,,,,,,100,Tr,N9646XD21,NSRD0800 Comp 5-53um DTR Feed,2-0056
3-0057,14,,30,14,4,10,1,,,17,11,,,,,,,,100,Tr,N9646XD21,NSRD0800 Comp 6-53um DTR Feed,3-0057
4-0058,11,0.5,31,15,3,13,0.5,0.5,1,13,12,,,,,,,,100,Tr,N9646XD21,NSRD0800 Comp 8-53um DTR Feed,4-0058
5-0059,26,1,36,8,6,11,0.5,0.5,0.5,5,6,,,,,,,,100,Tr,N9646XD21,NSRD0800 Comp 11-53um DTR Feed,5-0059
6-0060,29,2,34,6,5,12,0.5,,0.5,5,6,,,,,,,,100,Tr,N9646XD21,NSRD0800 Comp 15-53um DTR Feed,6-0060
1-074,89,,6,0.5,,,3,,,,2,,,,,,,,100,Tr,N9741XD21,44710074 NSRD0798 Comp 3 -53um DTR Cons,1-074
2-075,89,,7,,,,2,,,,2,,,,,,,,100,Tr,N9741XD21,44710075 NSRD0798 Comp 4 -53um DTR Cons,2-075
3-076,85,,10,,1,,2,,0.5,,1,,,,,,,,100,Tr,N9741XD21,44710076 NSRD0798 Comp 5 -53um DTR Cons,3-076
4-077,89,,6,,0.5,,3,,,,2,,,,,,,,100,Tr,N9741XD21,44710077 NSRD0798 Comp 6 -53um DTR Cons,4-077
5-078,82,,8,0.5,,,4,0.5,,,4,,,,,,,,100,Tr,N9741XD21,44710078 NSRD0798 Comp 7 -53um DTR Cons,5-078
6-079,84,,7,,,,3,0.5,,,5,,,,,,,,100,Tr,N9741XD21,44710079 NSRD0798 Comp 8 -53um DTR Cons,6-079
7-080,86,,6,0.5,,,4,,,,5,,,,,,,,100,Tr,N9741XD21,44710080 NSRD0798 Comp 9 -53um DTR Cons,7-080
8-081,90,,5,0.5,,,3,,,,3,,,,,,,,100,Tr,N9741XD21,44710081 NSRD0798 Comp 10 -53um DTR Cons,8-081
9-082,3,,46,4,3,,23,,,,21,,,,,,,,100,Tr,N9741XD21,44710082 NSRD0798 Comp 3 -53um DTR Tails,9-082
10-083,1,,51,5,7,,16,,1,,19,,,,,,,,100,Tr,N9741XD21,44710083 NSRD0798 Comp 4 -53um DTR Tails,10-083
11-084,1,,51,1,11,,13,,2,7,14,,,,,,,,100,Tr,N9741XD21,44710084 NSRD0798 Comp 5 -53um DTR Tails,11-084
12-085,1,,49,4,9,,14,,1,,22,,,,,,,,100,Tr,N9741XD21,44710085 NSRD0798 Comp 6 -53um DTR Tails,12-085
13-086,0.5,,40,4,5,,21,,,,28,,,,,,,,100,Tr,N9741XD21,44710086 NSRD0798 Comp 7 -53um DTR Tails,13-086
14-087,0.5,,40,4,3,,22,,,,30,,,,,,,,100,Tr,N9741XD21,44710087 NSRD0798 Comp 8 -53um DTR Tails,14-087
15-088,0.5,,33,5,6,,21,,,,34,,,,,,,,100,Tr,N9741XD21,44710088 NSRD0798 Comp 9 -53um DTR Tails,15-088
16-089,0.5,,41,6,8,,14,,,,30,,,,,,,,100,Tr,N9741XD21,44710089 NSRD0798 Comp 10 -53um DTR Tails,16-089
1-44710164,,2,50,3,2,23,,,,2,19,,,,,,,,100,Tr,N9774XD21,44710164 NSRD0798 Comp 3 -45um DTR Tails,1-44710164
2-44710165,,2,51,4,8,15,,,,3,17,,,,,,,,100,Tr,N9774XD21,44710165 NSRD0798 Comp 4 -45um DTR Tails,2-44710165
3-44710166,,1,53,1,10,12,,,,10,13,,,,,,,,100,Tr,N9774XD21,44710166 NSRD0798 Comp 5 -45um DTR Tails,3-44710166
4-44710167,,1,49,4,9,14,,,,3,20,,,,,,,,100,Tr,N9774XD21,44710167 NSRD0798 Comp 6 -45um DTR Tails,4-44710167
5-44710168,,0.5,42,4,4,23,,,,,26,,,,,,,,100,Tr,N9774XD21,44710168 NSRD0798 Comp 7 -45um DTR Tails,5-44710168
6-44710169,,1,41,3,2,24,,,,,29,,,,,,,,100,Tr,N9774XD21,44710169 NSRD0798 Comp 8 -45um DTR Tails,6-44710169
7-44710170,,1,33,4,5,23,,,,,33,,,,,,,,100,Tr,N9774XD21,44710170 NSRD0798 Comp 9 -45um DTR Tails,7-44710170
8-44710171,,,44,6,8,16,,,,,27,,,,,,,,100,Tr,N9774XD21,44710171 NSRD0798 Comp 10 -45um DTR Tails,8-44710171
9-44710172,,2,48,4,2,23,,,,2,18,,2,,,,,,100,Tr,N9774XD21,44710172 NSRD0798 Comp 3 -38um DTR Tails,9-44710172
10-44710173,,2,52,3,6,16,,,,3,16,,,,,,,,100,Tr,N9774XD21,44710173 NSRD0798 Comp 4 -38um DTR Tails,10-44710173
11-44710174,,2,54,1,9,13,,,,9,12,,,,,,,,100,Tr,N9774XD21,44710174 NSRD0798 Comp 5 -38um DTR Tails,11-44710174
12-44710175,,2,51,3,9,14,,,,3,18,,,,,,,,100,Tr,N9774XD21,44710175 NSRD0798 Comp 6 -38um DTR Tails,12-44710175
13-44710176,,0.5,42,4,4,23,,,,,26,,,,,,,,100,Tr,N9774XD21,44710176 NSRD0798 Comp 7 -38um DTR Tails,13-44710176
14-44710177,,0.5,41,3,2,24,,,,,28,,,,,,,,100,Tr,N9774XD21,44710177 NSRD0798 Comp 8 -38um DTR Tails,14-44710177
15-44710178,,,35,4,5,24,,,,,32,,,,,,,,100,Tr,N9774XD21,44710178 NSRD0798 Comp 9 -38um DTR Tails,15-44710178
16-44710179,,0.5,43,5,7,16,,,,,27,,,,,,,,100,Tr,N9774XD21,44710179 NSRD0798 Comp 10 -38um DTR Tails,16-44710179
17-44710180,,1,50,7,3,26,,,,,13,,,,,,,,100,Tr,N9774XD21,44710180 NSRD0797 Comp 3 -53um DTR Tails,17-44710180
18-44710181,,2,56,4,6,18,,,,2,12,,,,,,,,100,Tr,N9774XD21,44710181 NSRD0797 Comp 4 -53um DTR Tails,18-44710181
19-44710182,,2,53,6,5,19,,,,2,13,,,,,,,,100,Tr,N9774XD21,44710182 NSRD0797 Comp 8 -53um DTR Tails,19-44710182
20-44710183,,2,54,5,7,17,,,,4,12,,,,,,,,100,Tr,N9774XD21,44710183 NSRD0797 Comp 9 -53um DTR Tails,20-44710183
21-44710184,,3,61,0.5,8,13,,,,6,9,,,,,,,,100,Tr,N9774XD21,44710184 NSRD0797 Comp 13 -53um DTR Tails,21-44710184
22-44710185,,1,46,6,3,20,,,,3,22,,,,,,,,100,Tr,N9774XD21,44710185 NSRD0797 Comp 14 -53um DTR Tails,22-44710185
23-44710186,,11,47,6,3,10,,,,11,3,,3,6,,,,,100,Tr,N9774XD21,44710186 NSRD0799 Comp 5 -53um DTR Tails,23-44710186
24-44710187,,6,48,5,7,14,,,,10,6,,4,,,,,,100,Tr,N9774XD21,44710187 NSRD0799 Comp 6 -53um DTR Tails,24-44710187
25-44710188,,3,52,7,7,16,,,,6,5,,3,,,,,,100,Tr,N9774XD21,44710188 NSRD0799 Comp 10 -53um DTR Tails,25-44710188
26-44710189,,7,46,4,7,13,,,,12,7,,5,,,,,,100,Tr,N9774XD21,44710189 NSRD0799 Comp 12 -53um DTR Tails,26-44710189
27-44710190,,3,48,8,6,13,,,,14,8,,,,,,,,100,Tr,N9774XD21,44710190 NSRD0799 Comp 13 -53um DTR Tails,27-44710190
28-44710191,0.5,0.5,38,11,4,13,0.5,,,21,11,,,,,,,,100,Tr,N9774XD21,44710191 NSRD0799 Comp 14 -53um DTR Tails,28-44710191
29-44710192,1,0.5,41,10,4,16,1,,,13,13,,,,,,,,100,Tr,N9774XD21,44710192 NSRD0799 Comp 16 -53um DTR Tails,29-44710192
30-44710193,1,0.5,40,9,5,13,0.5,,,19,12,,,,,,,,100,Tr,N9774XD21,44710193 NSRD0799 Comp 17 -53um DTR Tails,30-44710193
31-44710194,1,4,53,6,7,14,0.5,,,5,5,,4,,,,,,100,Tr,N9774XD21,44710194 NSRD0800 Comp 4 -53um DTR Tails,31-44710194
32-44710195,1,0.5,45,10,3,16,0.5,,,14,10,,,,,,,,100,Tr,N9774XD21,44710195 NSRD0800 Comp 5 -53um DTR Tails,32-44710195
33-44710196,0.5,0.5,37,11,4,12,1,,,21,13,,,,,,,,100,Tr,N9774XD21,44710196 NSRD0800 Comp 6 -53um DTR Tails,33-44710196
34-44710197,0.5,0.5,38,12,4,14,0.5,,,16,13,,,,,,,,100,Tr,N9774XD21,44710197 NSRD0800 Comp 8 -53um DTR Tails,34-44710197
35-44710198,1,2,49,7,6,14,0.5,,,6,8,,4,,,,,,100,Tr,N9774XD21,44710198 NSRD0800 Comp 11 -53um DTR Tails,35-44710198
36-44710199,1,1,48,8,7,16,0.5,,,7,6,,4,,,,,,100,Tr,N9774XD21,44710199 NSRD0800 Comp 15 -53um DTR Tails,36-44710199
37-44710200,0.5,2,51,7,8,15,0.5,,,7,7,,,,,,,,100,Tr,N9774XD21,44710200 NSRD0801 Comp 3 -53um DTR Tails,37-44710200
38-44710201,0.5,1,55,6,8,17,1,,,5,7,,,,,,,,100,Tr,N9774XD21,44710201 NSRD0801 Comp 4 -53um DTR Tails,38-44710201
39-44710202,0.5,2,48,8,6,19,1,,,4,12,,,,,,,,100,Tr,N9774XD21,44710202 NSRD0801 Comp 5 -53um DTR Tails,39-44710202
40-44710203,1,1,37,10,6,20,0.5,,,5,19,,,,,,,,100,Tr,N9774XD21,44710203 NSRD0801 Comp 6 -53um DTR Tails,40-44710203
41-44710204,,0.5,42,9,6,15,1,,,7,18,,,,,,,,100,Tr,N9774XD21,44710204 NSRD0801 Comp 7 -53um DTR Tails,41-44710204
42-44710205,0.5,0.5,46,6,7,18,1,,,3,17,,,,,,,,100,Tr,N9774XD21,44710205 NSRD0801 Comp 8 -53um DTR Tails,42-44710205
43-44710206,,7,55,1,,33,,,,0.5,,3,,,,,,,100,Tr,N9774XD21,44710206 GVRD0268 Comp 2 -53um DTR Tails,43-44710206
44-44710207,0.5,2,60,4,,31,,,,1,,1,,,,,,,100,Tr,N9774XD21,44710207 GVRD0268 Comp 3 -53um DTR Tails,44-44710207
45-44710208,,3,64,8,,23,,,,0.5,,0.5,,,,,,,100,Tr,N9774XD21,44710208 GVRD0268 Comp 4 -53um DTR Tails,45-44710208
46-44710209,0.5,0.5,54,10,,33,0.5,,,,0.5,,,,,,,,100,Tr,N9774XD21,44710209 GVRD0268 Comp 5 -53um DTR Tails,46-44710209
47-44710210,0.5,9,62,3,,23,,,,0.5,,2,,,,,,,100,Tr,N9774XD21,44710210 GVRD0268 Comp 6 -53um DTR Tails,47-44710210
48-44710211,0.5,11,62,2,,21,,,,0.5,,3,,,,,,,100,Tr,N9774XD21,44710211 GVRD0268 Comp 7 -53um DTR Tails,48-44710211
49-44710212,,10,63,3,7,15,,,,,,2,,,,,,,100,Tr,N9774XD21,44710212 GVRD0268 Comp 8 -53um DTR Tails,49-44710212
50-44710213,,6,60,6,7,20,,,,0.5,,0.5,,,,,,,100,Tr,N9774XD21,44710213 GVRD0268 Comp 9 -53um DTR Tails,50-44710213
1-44710245,27,13,42,3,,12,,,0.5,,,,,3,,,,,100,Tr,N9821XD21,NSRD0796 Comp 2 -53um DTR Feed,1-44710245
2-44710246,40,2,38,5,0.5,14,,,0.5,,,,,,,0.5,,,100,Tr,N9821XD21,NSRD0796 Comp 3 -53um DTR Feed,2-44710246
3-44710247,39,1,40,4,2,13,,,0.5,,,,,,,0.5,,,100,Tr,N9821XD21,NSRD0796 Comp 4 -53um DTR Feed,3-44710247
4-44710248,34,0.5,35,6,2,21,,,0.5,,,,,,,,,,100,Tr,N9821XD21,NSRD0796 Comp 5 -53um DTR Feed,4-44710248
5-44710249,28,0.5,35,3,1,29,,,0.5,,,,2,,,,,,100,Tr,N9821XD21,NSRD0796 Comp 6 -53um DTR Feed,5-44710249
6-44710250,35,2,38,3,2,20,,,0.5,,,,,,,,,,100,Tr,N9821XD21,NSRD0796 Comp 7 -53um DTR Feed,6-44710250
7-44710251,,5,64,7,,19,,,1,,,,,4,,,,,100,Tr,N9821XD21,NSRD0796 Comp 2 -53um DTR Tails,7-44710251
8-44710252,,2,61,9,2,24,,,1,,,,,,,1,,,100,Tr,N9821XD21,NSRD0796 Comp 3 -53um DTR Tails,8-44710252
9-44710253,,1,66,7,3,21,,,0.5,,,,,,,0.5,,,100,Tr,N9821XD21,NSRD0796 Comp 4 -53um DTR Tails,9-44710253
10-44710254,,1,56,8,2,32,,,0.5,,,,,,,,,,100,Tr,N9821XD21,NSRD0796 Comp 5 -53um DTR Tails,10-44710254
11-44710255,,1,49,4,2,40,,,0.5,,,,3,,,,,,100,Tr,N9821XD21,NSRD0796 Comp 6 -53um DTR Tails,11-44710255
12-44710256,,3,56,4,3,30,,,0.5,,,,3,,,,,,100,Tr,N9821XD21,NSRD0796 Comp 7 -53um DTR Tails,12-44710256
13-44710257,28,5,39,4,0.5,22,,,,,,0.5,0.5,,,,,,100,Tr,N9821XD21,GVRD0267 Comp 4 -53um DTR Feed,13-44710257
14-44710258,27,4,42,5,1,20,,,,,,0.5,,,,,,,100,Tr,N9821XD21,GVRD0267 Comp 5 -53um DTR Feed,14-44710258
15-44710259,26,4,41,6,2,21,,,,,,1,,,,,,,100,Tr,N9821XD21,GVRD0267 Comp 6 -53um DTR Feed,15-44710259
16-44710260,26,8,41,3,2,19,,,,,,1,,,,,,,100,Tr,N9821XD21,GVRD0267 Comp 7 -53um DTR Feed,16-44710260
17-44710261,30,4,42,3,2,19,,,,,,0.5,,,,,,,100,Tr,N9821XD21,GVRD0267 Comp 8 -53um DTR Feed,17-44710261
18-44710262,25,1,41,7,1,25,,,,,,0.5,,,,,,,100,Tr,N9821XD21,GVRD0267 Comp 9 -53um DTR Feed,18-44710262
19-44710263,,7,54,5,2,30,,,,,,1,,,,,,,100,Tr,N9821XD21,GVRD0267 Comp 4 -53um DTR Tails,19-44710263
20-44710264,,5,57,8,3,26,,,,,,0.5,,,,,,,100,Tr,N9821XD21,GVRD0267 Comp 5 -53um DTR Tails,20-44710264
21-44710265,,6,58,7,2,26,,,,,,1,,,,,,,100,Tr,N9821XD21,GVRD0267 Comp 6 -53um DTR Tails,21-44710265
22-44710266,,9,58,4,3,24,,,,,,1,,,,,,,100,Tr,N9821XD21,GVRD0267 Comp 7 -53um DTR Tails,22-44710266
23-44710267,,6,60,4,3,26,,,,,,1,,,,,,,100,Tr,N9821XD21,GVRD0267 Comp 8 -53um DTR Tails,23-44710267
24-44710268,,2,56,8,2,32,,,,,,0.5,,,,,,,100,Tr,N9821XD21,GVRD0267 Comp 9 -53um DTR Tails,24-44710268
25-44710269,31,9,42,4,,11,,,0.5,,,,,2,,,,,100,Tr,N9821XD21,GVRD0269 Comp 2 -53um DTR Feed,25-44710269
26-44710270,28,1,35,8,,20,,,0.5,,,,,,,7,,,100,Tr,N9821XD21,GVRD0269 Comp 3 -53um DTR Feed,26-44710270
27-44710271,30,1,39,7,,21,,,,,,,,,,2,,,100,Tr,N9821XD21,GVRD0269 Comp 4 -53um DTR Feed,27-44710271
28-44710272,35,1,40,6,,16,,,0.5,,,,,1,,,,,100,Tr,N9821XD21,GVRD0269 Comp 5 -53um DTR Feed,28-44710272
29-44710273,37,4,39,3,4,12,,,0.5,,,0.5,,,,,,,100,Tr,N9821XD21,GVRD0269 Comp 6 -53um DTR Feed,29-44710273
30-44710274,38,5,37,3,5,11,,,0.5,,,0.5,,,,,,,100,Tr,N9821XD21,GVRD0269 Comp 7 -53um DTR Feed,30-44710274
31-44710275,,7,65,7,,17,,,0.5,,,,,3,,,,,100,Tr,N9821XD21,GVRD0269 Comp 2 -53um DTR Tails,31-44710275
32-44710276,1,0.5,52,10,,28,,,0.5,,,,,,,8,,,100,Tr,N9821XD21,GVRD0269 Comp 3 -53um DTR Tails,32-44710276
33-44710277,0.5,0.5,55,11,,29,,,,,,,,,,4,,,100,Tr,N9821XD21,GVRD0269 Comp 4 -53um DTR Tails,33-44710277
34-44710278,0.5,1,62,12,,23,,,0.5,,,,,,,,,,100,Tr,N9821XD21,GVRD0269 Comp 5 -53um DTR Tails,34-44710278
35-44710279,0.5,6,64,4,6,18,,,0.5,,,0.5,,,,,,,100,Tr,N9821XD21,GVRD0269 Comp 6 -53um DTR Tails,35-44710279
36-44710280,0.5,7,63,4,7,16,,,1,,,0.5,,,,,,,100,Tr,N9821XD21,GVRD0269 Comp 7 -53um DTR Tails,36-44710280
37-44710282,84,,8,1,,4,,,,,,,,,,2,,,100,Tr,N9821XD21,NSRD0797 Comp 3 -53um DTR Cons,37-44710282
38-44710283,87,,8,0.5,,2,,,,,,,,,,3,,,100,Tr,N9821XD21,NSRD0797 Comp 4 -53um DTR Cons,38-44710283
39-44710284,85,,9,1,,2,,,,,,,,,,3,,,100,Tr,N9821XD21,NSRD0797 Comp 8 -53um DTR Cons,39-44710284
40-44710285,85,,9,0.5,,2,,,,,,,,,,3,,,100,Tr,N9821XD21,NSRD0797 Comp 9 -53um DTR Cons,40-44710285
41-44710286,90,,7,,,1,,,,,,,,,,2,,,100,Tr,N9821XD21,NSRD0797 Comp 13 -53um DTR Cons,41-44710286
42-44710287,83,,7,1,,3,,,,,,,,,,6,,,100,Tr,N9821XD21,NSRD0797 Comp 14 -53um DTR Cons,42-44710287
43-44710288,79,12,6,0.5,,1,,,0.5,,,,,,,0.5,,,100,Tr,N9821XD21,NSRD0799 Comp 5 -53um DTR Cons,43-44710288
44-44710289,93,0.5,6,,,,,,,,,,,,,0.5,,,100,Tr,N9821XD21,NSRD0799 Comp 6 -53um DTR Cons,44-44710289
45-44710290,91,0.5,6,0.5,,1,,,,,,,,,,0.5,,,100,Tr,N9821XD21,NSRD0799 Comp 10 -53um DTR Cons,45-44710290
46-44710291,90,0.5,7,,,1,,,0.5,,,,,,,0.5,,,100,Tr,N9821XD21,NSRD0799 Comp 12 -53um DTR Cons,46-44710291
47-44710292,90,,7,0.5,,0.5,,,0.5,,,,,,,0.5,,,100,Tr,N9821XD21,NSRD0799 Comp 13 -53um DTR Cons,47-44710292
48-44710293,90,,6,1,,1,,,0.5,,,,,,,1,,,100,Tr,N9821XD21,NSRD0799 Comp 14 -53um DTR Cons,48-44710293
49-44710294,91,,4,2,,1,,,,,,,,,,2,,,100,Tr,N9821XD21,NSRD0799 Comp 16 -53um DTR Cons,49-44710294
50-44710295,86,,7,2,,2,,,0.5,,,,,,,2,,,100,Tr,N9821XD21,NSRD0799 Comp 17 -53um DTR Cons,50-44710295
51-44710296,88,0.5,9,0.5,,1,,,,,,,,,,0.5,,,100,Tr,N9821XD21,NSRD0800 Comp 4 -53um DTR Cons,51-44710296
52-44710297,88,,7,2,,2,,,,,,,,,,1,,,100,Tr,N9821XD21,NSRD0800 Comp 5 -53um DTR Cons,52-44710297
53-44710298,89,,7,2,,0.5,,,,,,,,,,1,,,100,Tr,N9821XD21,NSRD0800 Comp 6 -53um DTR Cons,53-44710298
54-44710299,89,,6,2,,2,,,,,,,,,,1,,,100,Tr,N9821XD21,NSRD0800 Comp 8 -53um DTR Cons,54-44710299
55-44710300,90,,6,2,,1,,,,,,,,,,0.5,,,100,Tr,N9821XD21,NSRD0800 Comp 11 -53um DTR Cons,55-44710300
56-44710301,93,,6,0.5,,,,,,,,,,,,0.5,,,100,Tr,N9821XD21,NSRD0800 Comp 15 -53um DTR Cons,56-44710301
57-44710302,88,6,4,0.5,,0.5,,,,,,,,,,0.5,,,100,Tr,N9821XD21,NSRD0801 Comp 3 -53um DTR Cons,57-44710302
58-44710303,94,0.5,4,0.5,,0.5,,,,,,,,,,0.5,,,100,Tr,N9821XD21,NSRD0801 Comp 4 -53um DTR Cons,58-44710303
59-44710304,92,,5,1,,1,,,,,,,,,,1,,,100,Tr,N9821XD21,NSRD0801 Comp 5 -53um DTR Cons,59-44710304
60-44710305,93,,3,0.5,,1,,,,,,,,,,1,,,100,Tr,N9821XD21,NSRD0801 Comp 6 -53um DTR Cons,60-44710305
61-44710306,94,,4,0.5,,0.5,,,,,,,,,,1,,,100,Tr,N9821XD21,NSRD0801 Comp 7 -53um DTR Cons,61-44710306
62-44710307,93,,3,0.5,,0.5,,,,,,,,,,2,,,100,Tr,N9821XD21,NSRD0801 Comp 8 -53um DTR Cons,62-44710307
63-44710308,67,23,7,0.5,,2,,,,,,,,,,,,,100,Tr,N9821XD21,NSRD0796 Comp 2 -53um DTR Cons,63-44710308
64-44710309,87,0.5,9,1,,2,,,0.5,,,,,,,,,,100,Tr,N9821XD21,NSRD0796 Comp 3 -53um DTR Cons,64-44710309
65-44710310,89,,8,0.5,,3,,,,,,,,,,,,,100,Tr,N9821XD21,NSRD0796 Comp 4 -53um DTR Cons,65-44710310
66-44710311,86,,8,1,,4,,,,,,,,,,,,,100,Tr,N9821XD21,NSRD0796 Comp 5 -53um DTR Cons,66-44710311
67-44710312,90,,6,,,4,,,,,,,,,,,,,100,Tr,N9821XD21,NSRD0796 Comp 6 -53um DTR Cons,67-44710312
68-44710313,88,0.5,8,,,3,,,,,,,,,,,,,100,Tr,N9821XD21,NSRD0796 Comp 7 -53um DTR Cons,68-44710313
69-44710314,89,3,6,,,2,,,,,,,,,,,,,100,Tr,N9821XD21,GVRD0267 Comp 4 -53um DTR Cons,69-44710314
70-44710315,89,1,6,,,2,,,,,,,,,,,2,,100,Tr,N9821XD21,GVRD0267 Comp 5 -53um DTR Cons,70-44710315
71-44710316,91,1,6,,,2,,,,,,,,,,,,,100,Tr,N9821XD21,GVRD0267 Comp 6 -53um DTR Cons,71-44710316
72-44710317,93,2,4,,,1,,,,,,,,,,,,,100,Tr,N9821XD21,GVRD0267 Comp 7 -53um DTR Cons,72-44710317
73-44710318,93,0.5,5,,,1,,,,,,,,,,,,,100,Tr,N9821XD21,GVRD0267 Comp 8 -53um DTR Cons,73-44710318
74-44710319,90,,6,,,2,,,,,,,,,,,2,,100,Tr,N9821XD21,GVRD0267 Comp 9 -53um DTR Cons,74-44710319
75-44710320,87,4,7,,,2,,,,,,,,,,,,,100,Tr,N9821XD21,GVRD0268 Comp 2 -53um DTR Cons,75-44710320
76-44710321,92,1,6,,,1,,,,,,,,,,,,,100,Tr,N9821XD21,GVRD0268 Comp 3 -53um DTR Cons,76-44710321
77-44710322,90,0.5,7,,,1,,,,,,,,,,,2,,100,Tr,N9821XD21,GVRD0268 Comp 4 -53um DTR Cons,77-44710322
78-44710323,90,1,6,,,2,,,,,,,,,,,2,,100,Tr,N9821XD21,GVRD0268 Comp 5 -53um DTR Cons,78-44710323
79-44710324,90,2,7,,,1,,,,,,,,,,,,,100,Tr,N9821XD21,GVRD0268 Comp 6 -53um DTR Cons,79-44710324
80-44710325,90,3,7,,,0.5,,,,,,,,,,,,,100,Tr,N9821XD21,GVRD0268 Comp 7 -53um DTR Cons,80-44710325
81-44710326,93,2,4,,,0.5,,,,,,,,,,,,,100,Tr,N9821XD21,GVRD0268 Comp 8 -53um DTR Cons,81-44710326
82-44710327,94,1,4,,,0.5,,,,,,,,,,,,,100,Tr,N9821XD21,GVRD0268 Comp 9 -53um DTR Cons,82-44710327
83-44710328,79,13,6,,,0.5,,,,,,,,,,,1,,100,Tr,N9821XD21,GVRD0269 Comp 2 -53um DTR Cons,83-44710328
84-44710329,90,2,5,,,2,,,,,,,,,,,1,,100,Tr,N9821XD21,GVRD0269 Comp 3 -53um DTR Cons,84-44710329
85-44710330,89,1,6,,,2,,,,,,,,,,,2,,100,Tr,N9821XD21,GVRD0269 Comp 4 -53um DTR Cons,85-44710330
86-44710331,88,0.5,7,,,2,,,,,,,,,,,3,,100,Tr,N9821XD21,GVRD0269 Comp 5 -53um DTR Cons,86-44710331
87-44710332,93,2,4,,,0.5,,,,,,,,,,,,,100,Tr,N9821XD21,GVRD0269 Comp 6 -53um DTR Cons,87-44710332
88-44710333,92,2,5,,,0.5,,,,,,,,,,,,,100,Tr,N9821XD21,GVRD0269 Comp 7 -53um DTR Cons,88-44710333
1-0034,87,2,8,0.5,,1,,,,,0.5,,,,,,,,100,Tr,N9606XD21,NSRD0800 Comp 4 -53um DTR Sent for repeat,1-0034
2-0035,91,,7,0.5,,1,,,,,0.5,,,,,,,,100,Tr,N9606XD21,NSRD0800 Comp 5 -53um DTR Sent for repeat,2-0035
3-0036,91,,5,1,,0.5,,,,1,0.5,,,,,,,,100,Tr,N9606XD21,NSRD0800 Comp 6 -53um DTR Sent for repeat,3-0036
4-0037,91,,5,2,,2,,,,,0.5,,,,,,,,100,Tr,N9606XD21,NSRD0800 Comp 8 -53um DTR Sent for repeat,4-0037
5-0038,89,,6,1,,1,,1,0.5,,0.5,,,,,,,,100,Tr,N9606XD21,NSRD0800 Comp 11 -53um DTR Sent for repeat,5-0038
6-0039,91,,6,0.5,,1,,,0.5,,0.5,,,,,,,,100,Tr,N9606XD21,NSRD0800 Comp 15 -53um DTR Sent for repeat,6-0039
7-0040,27,3,40,4,6,12,0.5,,0.5,3,5,,,,,,,,100,Tr,N9606XD21,NSRD0801 Comp 3 -53um DTR Feed,7-0040
8-0041,28,1,38,4,7,12,0.5,,0.5,2,6,,,,,,,,100,Tr,N9606XD21,NSRD0801 Comp 4 -53um DTR Feed,8-0041
9-0042,23,1,39,5,5,14,0.5,0.5,0.5,0.5,10,,,,,,,,100,Tr,N9606XD21,NSRD0801 Comp 5 -53um DTR Feed,9-0042
10-0043,12,,33,9,6,17,2,0.5,0.5,4,16,,,,,,,,100,Tr,N9606XD21,NSRD0801 Comp 6 -53um DTR Feed,10-0043
11-0044,11,,37,10,5,13,1,1,0.5,5,16,,,,,,,,100,Tr,N9606XD21,NSRD0801 Comp 7 -53um DTR Feed,11-0044
12-0045,25,,34,5,5,14,0.5,0.5,0.5,2,13,,,,,,,,100,Tr,N9606XD21,NSRD0801 Comp 8 -53um DTR Feed,12-0045
13-0046,30,6,42,0.5,,21,,,,,,0.5,,,,,,,100,Tr,N9606XD21,GVRD0268 Comp 2 -53um DTR Feed,13-0046
14-0047,32,1,41,3,,22,,0.5,,,,0.5,,,,,,,100,Tr,N9606XD21,GVRD0268 Comp 3 -53um DTR Feed,14-0047
15-0048,37,2,40,5,,15,,0.5,,,,,,,,,,,100,Tr,N9606XD21,GVRD0268 Comp 4 -53um DTR Feed,15-0048
16-0049,26,,41,8,,25,,,,,0.5,,,,,,,,100,Tr,N9606XD21,GVRD0268 Comp 5 -53um DTR Feed,16-0049
17-0050,35,6,40,2,,16,,0.5,0.5,,,0.5,,,,,,,100,Tr,N9606XD21,GVRD0268 Comp 6 -53um DTR Feed,17-0050
18-0051,38,7,39,1,,13,,,0.5,,,0.5,,,,,,,100,Tr,N9606XD21,GVRD0268 Comp 7 -53um DTR Feed,18-0051
19-0052,39,6,38,2,5,9,,,0.5,,,0.5,,,,,,,100,Tr,N9606XD21,GVRD0268 Comp 8 -53um DTR Feed,19-0052
20-0053,35,4,38,4,6,13,,,,,,0.5,,,,,,,100,Tr,N9606XD21,GVRD0268 Comp 9 -53um DTR Feed,20-0053
1-710001 ,34,1,32,3,1,17,,,,,,12,,,,,,,100,Tr,N9519XD21,44710001 NSRD0798 comp 3 - 53um DTR,1-710001 
2-710017 ,28,0.5,33,8,2,19,0.5,,,,,8,,,,,,,100,Tr,N9519XD21,44710017  NSRD0797 comp 3 - 53um DTR,2-710017 
3-710002 ,36,1,31,3,5,11,,,,2,,11,,,,,,,100,Tr,N9519XD21,44710002 NSRD0798 comp 4 - 53um DTR,3-710002 
4-710018 ,34,1,35,3,5,13,,,,1,,8,,,,,,,100,Tr,N9519XD21,44710018 NSRD0797 comp 4 - 53um DTR,4-710018 
5-710009 ,21,12,37,5,2,9,,,,9,,3,2,,,,,,100,Tr,N9519XD21,44710009 NSRD0799 comp 5 - 53um DTR,5-710009 
6-710003 ,36,2,32,0.5,8,9,,,,7,,7,,,,,,,100,Tr,N9519XD21,44710003 NSRD0798 comp 5 - 53um DTR,6-710003 
7-710010 ,28,4,33,4,5,11,0.5,,,7,,4,2,,,,,,100,Tr,N9519XD21,44710010 NSRD0799 comp 6 - 53um DTR,7-710010 
8-710004 ,29,1,34,3,8,11,0.5,,,,,14,,,,,,,100,Tr,N9519XD21,44710004 NSRD0798 comp 6 - 53um DTR,8-710004 
9-710005 ,21,1,31,3,3,18,0.5,,,,,21,,,,,,,100,Tr,N9519XD21,44710005 NSRD0798 comp 7 - 53um DTR,9-710005 
10-710019 ,35,1,34,4,3,14,0.5,,,,,8,,,,,,,100,Tr,N9519XD21,44710019 NSRD0797 comp 8 - 53um DTR,10-710019 
11-710006 ,22,1,29,3,2,18,2,,,,,22,,,,,,,100,Tr,N9519XD21,44710006 NSRD0798 comp 8 - 53um DTR,11-710006 
12-710020 ,39,2,32,3,4,11,0.5,,,2,,7,,,,,,,100,Tr,N9519XD21,44710020 NSRD0797 comp 9 - 53um DTR,12-710020 
13-710007 ,15,1,26,4,4,19,3,,,,,27,2,,,,,,100,Tr,N9519XD21,44710007 NSRD0798 comp 9 - 53um DTR,13-710007 
14-710011 ,30,3,35,5,5,12,0.5,,,5,,4,1,,,,,,100,Tr,N9519XD21,44710011 NSRD0799 comp 10 - 53um DTR,14-710011 
15-710008 ,24,1,29,4,7,12,0.5,,,,,22,,,,,,,100,Tr,N9519XD21,44710008 NSRD0798 comp 10 - 53um DTR,15-710008 
16-710012 ,28,5,31,3,4,10,,,,9,,6,2,,,,,2,100,Tr,N9519XD21,44710012 NSRD0799 comp 12 - 53um DTR,16-710012 
17-710013 ,25,2,32,7,5,11,0.5,,,10,,7,0.5,,,,,,100,Tr,N9519XD21,44710013 NSRD0799 comp 13 - 53um DTR,17-710013 
18-710021 ,41,2,34,0.5,4,9,0.5,,,4,,5,,,,,,,100,Tr,N9519XD21,44710021 NSRD0797 comp 13 - 53um DTR,18-710021 
19-710014 ,16,0.5,31,9,4,12,0.5,,,16,,11,,,,,,,100,Tr,N9519XD21,44710014 NSRD0799 comp 14 - 53um DTR,19-710014 
20-710022 ,26,1,32,5,2,16,0.5,,,,,16,,,,,,,100,Tr,N9519XD21,44710022 NSRD0797 comp 14 - 53um DTR,20-710022 
21-710015 ,17,1,31,9,3,15,0.5,,,12,,12,,,,,,,100,Tr,N9519XD21,44710015 NSRD0799 comp 16 - 53um DTR,21-710015 
22-710016 ,16,1,30,10,4,12,0.5,,,15,,11,,,,,,,100,Tr,N9519XD21,44710016 NSRD0799 comp 17 - 53um DTR,22-710016 
