BHID_x,Composite_x,Process,Product,BV Report,Mineral,Chlorite group,Quartz,Pyroxene,Plagioclase,K-Feldspar,Calcite group-Siderite,Calcite group,Dolomite group,Spinel group,Hematite group,Stilpnomelane,Mica group,Pyrite,Rutile group,Goethite,Smectite group,Sepiolite,Kaolinite-serpentine group,Total,Sample_x,CompositeID,Sample_y,BHID_y,Composite_y,Size,Type,Fe3O4,Fe,SiO2,Al2O3,TiO2,Mn,CaO,P XRF,S XRF,MgO,K2O,Na2O,Zn,As,Cl,Cu,Pb,Ba,V,Cr,Ni,Co,Sn XRF,Zr,Sr,LOI371,LOI650,LOI1000,LOI
NSRD0796,Comp 2,DTR,Feed,N9821XD21,1-44710245,3.125147318,41.90805846,,0,,12.35220555,,0,26.61859917,12.91889707,,0,,0.414432572,2.662659862,0,0,0,100,44710245,NSRD0796 Comp 2 53 Feed,44710960001,NSRD0796,Comp 2, -53um ,DTR Feed,25,35.2,39.7,1.399,0.061,0.561,0.435,0.123,0.057,1.8,0.35,0.027,0.004,0.001,-0.001,0.002,0.002,0.004,0.003,0.01,0.008,0.001,0.001,0.001,0.007,0.49,4.33,-0.08,4.74
NSRD0796,Comp 3,DTR,Feed,N9821XD21,2-44710246,4.738897288,37.63546487,,0,,14.30498945,,0.986982681,39.67078769,1.519339274,,0,,0.68513322,0,0,0.458405539,0,100,44710246,NSRD0796 Comp 3 53 Feed,44710960002,NSRD0796,Comp 3, -53um ,DTR Feed,36.7,35.61,37.45,1.728,0.077,0.573,0.586,0.092,0.067,2.36,0.515,0.035,0.004,0.001,-0.001,0.002,0.002,0.007,0.003,0.011,0.008,0.002,-0.001,0.001,0.009,0.11,5.28,-0.34,5.05
NSRD0796,Comp 4,DTR,Feed,N9821XD21,3-44710247,4.396625847,40.25839082,,0,,13.36565158,,1.552856968,38.76169799,1.114273598,,0,,0.375702122,0,0,0.174801069,0,100,44710247,NSRD0796 Comp 4 53 Feed,44710960003,NSRD0796,Comp 4, -53um ,DTR Feed,37.7,35.04,39.61,1.142,0.05,0.602,0.789,0.101,0.034,1.98,0.256,0.035,0.004,0.001,0.001,0.002,0.002,0.004,0.003,0.009,0.006,-0.001,-0.001,0.001,0.008,0.08,5.11,-0.45,4.74
NSRD0796,Comp 5,DTR,Feed,N9821XD21,4-44710248,6.447607457,35.38672446,,0,,20.94221313,,1.771336233,33.737262,0.874484485,,0,,0.840372238,0,0,0,0,100,44710248,NSRD0796 Comp 5 53 Feed,44710960004,NSRD0796,Comp 5, -53um ,DTR Feed,33.3,35.67,35.33,1.454,0.065,0.619,0.713,0.104,0.075,2.41,0.309,0.068,0.004,0.001,-0.001,0.002,0.001,0.006,0.002,0.01,0.007,0.001,-0.001,0.001,0.008,0.33,7.31,-0.35,7.29
NSRD0796,Comp 6,DTR,Feed,N9821XD21,5-44710249,3.017746522,34.71469607,,2.383913934,,29.18648584,,1.162977883,27.81574025,0.961950814,,0,,0.756488683,0,0,0,0,100,44710249,NSRD0796 Comp 6 53 Feed,44710960005,NSRD0796,Comp 6, -53um ,DTR Feed,26.9,34.44,34.82,1.278,0.052,0.6,0.667,0.099,0.055,2.25,0.353,0.195,0.003,0.001,-0.001,0.002,-0.001,0.003,-0.001,0.009,0.006,0.001,-0.001,-0.001,0.008,2.22,8.01,-0.23,10
NSRD0796,Comp 7,DTR,Feed,N9821XD21,6-44710250,2.687317081,37.76141665,,0,,20.40071529,,2.13779076,34.69101086,1.855261607,,0,,0.466487755,0,0,0,0,100,44710250,NSRD0796 Comp 7 53 Feed,44710960006,NSRD0796,Comp 7, -53um ,DTR Feed,32.5,35.36,36.67,1.103,0.049,0.589,0.789,0.08,0.024,2.02,0.291,0.214,0.004,0.001,0.001,0.004,0.003,0.004,0.001,0.008,0.005,0.001,0.001,0.002,0.011,0.27,7.21,-0.31,7.17
NSRD0796,Comp 2,DTR,Tails,N9821XD21,7-44710251,6.604878307,64.4230377,,0,,19.02574811,,0,0,5.182272782,,0,,1.024939525,3.739123577,0,0,0,100,44710251,NSRD0796 Comp 2 53 Tails,44710960037,NSRD0796,Comp 2, -53um ,DTR Tails,1.2,15.78,60.81,2.152,0.088,0.836,0.675,0.193,0.088,2.72,0.548,0.022,0.015,-0.001,0.002,0.009,0.004,0.007,0.004,0.003,0.005,0.001,0.002,0.001,0.013,1.03,7.14,0.33,8.5
NSRD0796,Comp 3,DTR,Tails,N9821XD21,8-44710252,9.052928261,60.54211819,,0,,24.12630792,,2.085220262,0,1.633216568,,0,,1.30766814,0,0,1.252540657,0,100,44710252,NSRD0796 Comp 3 53 Tails,44710960038,NSRD0796,Comp 3, -53um ,DTR Tails,1.2,13.56,59.51,2.802,0.112,0.922,0.962,0.147,0.107,3.85,0.813,0.034,0.009,-0.001,-0.001,0.009,0.004,0.016,0.001,0.004,0.01,0.001,0.001,0.001,0.013,0.47,9.76,0.24,10.47
NSRD0796,Comp 4,DTR,Tails,N9821XD21,9-44710253,7.028610496,65.98740148,,0,,21.40577013,,3.167076863,0,1.097500361,,0,,0.836763315,0,0,0.47687736,0,100,44710253,NSRD0796 Comp 4 53 Tails,44710960039,NSRD0796,Comp 4, -53um ,DTR Tails,1,12.06,64.15,1.854,0.077,0.96,1.265,0.166,0.054,3.17,0.422,0.041,0.008,-0.001,-0.001,0.01,0.006,0.012,0.002,0.002,0.005,0.001,0.002,0.001,0.016,0.38,9.36,0.21,9.95
NSRD0796,Comp 5,DTR,Tails,N9821XD21,10-44710254,7.579603577,55.84977383,,0,,32.41726964,,1.965712846,0,1.303266011,,0,,0.8843741,0,0,0,0,100,44710254,NSRD0796 Comp 5 53 Tails,44710960040,NSRD0796,Comp 5, -53um ,DTR Tails,1.2,16.6,53.54,2.252,0.093,0.929,1.109,0.164,0.118,3.7,0.472,0.073,0.01,-0.001,0.001,0.009,0.002,0.009,-0.001,0.002,0.006,0.001,0.001,-0.001,0.012,0.61,12.18,0.22,13.01
NSRD0796,Comp 6,DTR,Tails,N9821XD21,11-44710255,3.662715848,49.37285572,,3.20402955,,40.08946034,,1.530550456,0,1.23958573,,0,,0.900802354,0,0,0,0,100,44710255,NSRD0796 Comp 6 53 Tails,44710960041,NSRD0796,Comp 6, -53um ,DTR Tails,0.9,19.52,48.64,1.809,0.069,0.821,0.924,0.137,0.078,3.1,0.498,0.255,0.014,0.001,0.001,0.007,0.003,0.005,-0.001,0.002,0.005,0.001,-0.001,0.001,0.013,6.19,8.62,0.2,15.01
NSRD0796,Comp 7,DTR,Tails,N9821XD21,12-44710256,3.516139452,55.64054732,,3.476789238,,30.49620764,,3.262024706,0,2.94913106,,0,,0.659160589,0,0,0,0,100,44710256,NSRD0796 Comp 7 53 Tails,44710960042,NSRD0796,Comp 7, -53um ,DTR Tails,1.3,16.68,55.01,1.694,0.069,0.867,1.215,0.118,0.035,3.07,0.434,0.276,0.005,0.001,0.001,0.005,0.002,0.005,-0.001,0.001,0.003,0.001,-0.001,0.001,0.012,0.74,11.77,0.2,12.71
GVRD0267,Comp 4,DTR,Feed,N9821XD21,13-44710257,3.67906166,39.35672773,,0.550816706,,22.36106685,,0.808100633,27.5008962,5.388306094,,0.355024122,,0,0,0,0,0,100,44710257,GVRD0267 Comp 4 53 Feed,44712670001,GVRD0267,Comp 4, -53um ,DTR Feed,27.81,34.61,37.2,1.271,0.06,0.456,0.799,0.109,0.103,1.86,0.142,0.045,0.003,0.001,0.007,-0.001,-0.001,-0.001,-0.001,0.013,0.003,-0.001,-0.001,0.003,0.009,1.06,6.74,-0.02,7.78
GVRD0267,Comp 5,DTR,Feed,N9821XD21,14-44710258,5.228799077,41.84336496,,0,,19.72815883,,1.425019902,27.2187195,4.358709188,,0.197228547,,0,0,0,0,0,100,44710258,GVRD0267 Comp 5 53 Feed,44712670002,GVRD0267,Comp 5, -53um ,DTR Feed,26.43,32.79,40.07,1.529,0.064,0.402,0.879,0.116,0.126,1.89,0.107,0.022,0.002,0.001,0.005,0.002,-0.001,-0.001,0.001,0.013,0.002,-0.001,-0.001,0.003,0.009,0.61,6.5,0.05,7.16
GVRD0267,Comp 6,DTR,Feed,N9821XD21,15-44710259,6.091997244,40.55201613,,0,,20.52356214,,1.679087121,25.54151924,4.313068075,,1.298750056,,0,0,0,0,0,100,44710259,GVRD0267 Comp 6 53 Feed,44712670003,GVRD0267,Comp 6, -53um ,DTR Feed,26.23,32.32,40.37,1.583,0.066,0.472,0.789,0.102,0.114,2.07,0.15,0.034,0.002,0.002,0.003,0.001,-0.001,-0.001,0.001,0.011,0.001,-0.001,-0.001,0.003,0.009,0.48,6.93,0.04,7.45
GVRD0267,Comp 7,DTR,Feed,N9821XD21,16-44710260,2.966894063,41.30538205,,0,,18.63769225,,2.259565608,25.87772184,7.569047075,,1.383697125,,0,0,0,0,0,100,44710260,GVRD0267 Comp 7 53 Feed,44712670004,GVRD0267,Comp 7, -53um ,DTR Feed,25.74,33.45,40.12,0.982,0.038,0.455,0.902,0.116,0.089,1.79,0.133,0.017,0.002,0.002,0.001,0.001,-0.001,-0.001,-0.001,0.009,-0.001,-0.001,-0.001,0.003,0.005,0.45,6.36,0.11,6.92
GVRD0267,Comp 8,DTR,Feed,N9821XD21,17-44710261,2.92652513,41.8133057,,0,,18.94529627,,1.911870569,29.96835598,4.0243009,,0.410345445,,0,0,0,0,0,100,44710261,GVRD0267 Comp 8 53 Feed,44712670005,GVRD0267,Comp 8, -53um ,DTR Feed,29.59,33.68,39.97,0.999,0.048,0.447,0.927,0.122,0.064,1.63,0.172,0.016,0.002,0.001,0.003,-0.001,0.001,-0.001,-0.001,0.007,-0.001,-0.001,-0.001,0.003,0.01,0.5,6.17,0.04,6.71
GVRD0267,Comp 9,DTR,Feed,N9821XD21,18-44710262,6.989673566,40.98623479,,0,,24.65852823,,1.356626434,24.57873137,1.388679763,,0.041525849,,0,0,0,0,0,100,44710262,GVRD0267 Comp 9 53 Feed,44712670006,GVRD0267,Comp 9, -53um ,DTR Feed,25.05,31.48,40.16,1.6,0.066,0.528,0.726,0.091,0.351,2.29,0.133,0.015,0.003,0.001,0.002,0.001,0.001,-0.001,0.001,0.015,-0.001,-0.001,-0.001,0.004,0.01,0.09,8.41,0.38,8.88
GVRD0267,Comp 4,DTR,Tails,N9821XD21,19-44710263,4.751477319,53.876783,,0,,30.25875691,,2.425807821,0,7.207731342,,1.479443605,,0,0,0,0,0,100,44710263,GVRD0267 Comp 4 53 Tails,44712670037,GVRD0267,Comp 4, -53um ,DTR Tails,0.86,20.18,51.59,1.75,0.071,0.612,1.084,0.151,0.147,2.51,0.198,0.053,0.004,0.001,0.001,0.008,-0.001,-0.001,-0.001,0.004,-0.001,-0.001,-0.001,0.003,0.005,1.9,9.68,0.54,12.12
GVRD0267,Comp 5,DTR,Tails,N9821XD21,20-44710264,7.79215508,56.97001694,,0,,26.38953173,,2.669209088,0,5.359619413,,0.81946775,,0,0,0,0,0,100,44710264,GVRD0267 Comp 5 53 Tails,44712670038,GVRD0267,Comp 5, -53um ,DTR Tails,0.98,18.39,54.99,2.082,0.089,0.543,1.185,0.16,0.177,2.55,0.149,0.024,0.006,0.002,0.001,0.008,0.001,-0.001,-0.001,0.005,0.001,0.001,-0.001,0.004,0.009,0.26,9.97,0.79,11.02
GVRD0267,Comp 6,DTR,Tails,N9821XD21,21-44710265,7.341962077,57.66558325,,0,,25.8479029,,2.104518878,0,5.594010765,,1.446022122,,0,0,0,0,0,100,44710265,GVRD0267 Comp 6 53 Tails,44712670039,GVRD0267,Comp 6, -53um ,DTR Tails,0.86,18.09,55.52,2.142,0.087,0.619,1.037,0.137,0.154,2.73,0.203,0.034,0.007,0.001,-0.001,0.008,0.001,0.004,0.002,0.011,0.003,0.001,-0.001,0.005,0.01,0.28,9.96,0.78,11.02
GVRD0267,Comp 7,DTR,Tails,N9821XD21,22-44710266,3.889033795,58.31321132,,0,,24.3258954,,2.770054846,0,9.434425414,,1.267379224,,0,0,0,0,0,100,44710266,GVRD0267 Comp 7 53 Tails,44712670040,GVRD0267,Comp 7, -53um ,DTR Tails,1.11,19.48,54.83,1.39,0.065,0.599,1.199,0.153,0.123,2.39,0.195,0.022,0.004,0.001,0.004,0.007,-0.001,-0.001,-0.001,0.006,0.001,-0.001,-0.001,0.003,0.008,0.34,9.45,0.82,10.61
GVRD0267,Comp 8,DTR,Tails,N9821XD21,23-44710267,3.718454074,59.97158338,,0,,26.15425986,,3.420984975,0,5.628301257,,1.106416457,,0,0,0,0,0,100,44710267,GVRD0267 Comp 8 53 Tails,44712670041,GVRD0267,Comp 8, -53um ,DTR Tails,0.98,17.02,57.99,1.476,0.061,0.62,1.302,0.173,0.094,2.29,0.25,0.018,0.004,0.001,0.001,0.008,-0.001,0.003,-0.001,0.004,-0.001,-0.001,-0.001,0.004,0.011,0.21,9.83,0.88,10.92
GVRD0267,Comp 9,DTR,Tails,N9821XD21,24-44710268,7.544170176,56.42207199,,0,,32.03506742,,2.315706919,0,1.587036667,,0.095946832,,0,0,0,0,0,100,44710268,GVRD0267 Comp 9 53 Tails,44712670042,GVRD0267,Comp 9, -53um ,DTR Tails,0.98,17.8,53.24,2.084,0.082,0.679,0.946,0.119,0.463,2.98,0.173,0.015,0.005,0.001,0.003,0.008,-0.001,0.002,-0.001,0.012,0.007,-0.001,-0.001,0.004,0.009,0.24,11.49,1.12,12.85
GVRD0269,Comp 2,DTR,Feed,N9821XD21,25-44710269,4.175158964,41.88297268,,0,,11.06513009,,0,31.22419201,9.184870933,,0,,0.39814232,2.069533002,0,0,0,100,44710269,GVRD0269 Comp 2 53 Feed,44712690001,GVRD0269,Comp 2, -53um ,DTR Feed,31.03,35.75,39.58,1.348,0.068,0.63,0.562,0.139,0.096,1.5,0.244,0.012,0.003,0.001,-0.001,-0.001,-0.001,0.004,0.008,0.009,-0.001,0.001,-0.001,0.003,0.005,0.25,3.65,-0.08,3.82
GVRD0269,Comp 3,DTR,Feed,N9821XD21,26-44710270,7.921781378,35.2603103,,0,,19.76783793,,0,27.89901911,1.445026684,,0,,0.389708863,0,0,7.31631574,0,100,44710270,GVRD0269 Comp 3 53 Feed,44712690002,GVRD0269,Comp 3, -53um ,DTR Feed,29.2,33.36,38.94,1.745,0.077,0.497,0.505,0.134,0.125,2.42,0.191,0.03,0.003,0.001,0.002,0.002,0.001,0.005,0.002,0.013,-0.001,-0.001,-0.001,0.004,0.009,0.16,7.08,-0.08,7.16
GVRD0269,Comp 4,DTR,Feed,N9821XD21,27-44710271,6.649827599,39.39680662,,0,,21.03398909,,0,30.03690862,1.16095774,,0,,0,0,0,1.721510331,0,100,44710271,GVRD0269 Comp 4 53 Feed,44712690003,GVRD0269,Comp 4, -53um ,DTR Feed,32.58,35.38,37.23,1.713,0.084,0.568,0.541,0.146,0.132,1.98,0.05,0.016,0.004,0.001,0.001,0.001,0.002,-0.001,0.002,0.015,0.007,0.002,-0.001,0.004,0.01,0.14,6.45,-0.12,6.47
GVRD0269,Comp 5,DTR,Feed,N9821XD21,28-44710272,6.276514756,40.16146005,,0,,15.79305247,,0,35.2991772,1.039720792,,0,,0.428838417,1.001236311,0,0,0,100,44710272,GVRD0269 Comp 5 53 Feed,44712690004,GVRD0269,Comp 5, -53um ,DTR Feed,32.29,34.05,40.47,1.928,0.086,0.59,0.376,0.096,0.152,1.74,0.19,0.012,0.004,0.001,0.001,0.002,-0.001,0.004,0.002,0.024,0.015,-0.001,-0.001,0.003,0.006,0.16,5.12,-0.07,5.21
GVRD0269,Comp 6,DTR,Feed,N9821XD21,29-44710273,2.551435199,39.1435812,,0,,12.08613627,,4.333046709,36.72940963,4.459821147,,0.091598414,,0.604971424,0,0,0,0,100,44710273,GVRD0269 Comp 6 53 Feed,44712690005,GVRD0269,Comp 6, -53um ,DTR Feed,34.41,35.17,38.85,1.033,0.048,0.602,1.275,0.113,0.047,1.76,0.309,0.014,0.003,0.001,0.019,0.001,-0.001,-0.001,-0.001,0.009,0.001,0.001,-0.001,0.003,0.008,-0.05,4.3,0.62,4.87
GVRD0269,Comp 7,DTR,Feed,N9821XD21,30-44710274,3.03824495,37.02071547,,0,,11.09897073,,4.662410666,37.86615454,5.394155585,,0.093001686,,0.826346386,0,0,0,0,100,44710274,GVRD0269 Comp 7 53 Feed,44712690006,GVRD0269,Comp 7, -53um ,DTR Feed,35.67,35.7,38.6,1.154,0.049,0.599,1.267,0.12,0.099,1.83,0.405,0.012,0.002,0.001,0.004,0.001,-0.001,-0.001,-0.001,0.013,0.009,0.001,-0.001,0.003,0.009,-0.07,3.72,0.54,4.19
GVRD0269,Comp 2,DTR,Tails,N9821XD21,31-44710275,7.21170768,65.49079323,,0,,16.85956933,,0,0,6.747206194,,0,,0.616540864,3.074182704,0,0,0,100,44710275,GVRD0269 Comp 2 53 Tails,44712690037,GVRD0269,Comp 2, -53um ,DTR Tails,0.89,15.56,62.27,2.089,0.083,0.953,0.653,0.202,0.138,2.26,0.387,0.018,0.004,0.001,-0.001,0.007,-0.001,0.005,-0.001,0.012,0.008,-0.001,-0.001,0.003,0.006,0.58,6.45,0.64,7.67
GVRD0269,Comp 3,DTR,Tails,N9821XD21,32-44710276,9.919039441,51.96678088,,0,,27.65564812,,0,1.030664379,0.915957174,,0,,0.321999972,0,0,8.189910035,0,100,44710276,GVRD0269 Comp 3 53 Tails,44712690038,GVRD0269,Comp 3, -53um ,DTR Tails,0.89,16.72,55.89,2.492,0.1,0.686,0.66,0.178,0.188,3.35,0.25,0.045,0.005,0.001,0.001,0.005,-0.001,0.008,-0.001,0.003,0.003,0.001,-0.001,0.004,0.009,0.36,10.54,0.74,11.64
GVRD0269,Comp 4,DTR,Tails,N9821XD21,33-44710277,11.49969599,54.77994205,,0,,28.59863857,,0,0.876988145,0.678909768,,0,,0,0,0,3.565825475,0,100,44710277,GVRD0269 Comp 4 53 Tails,44712690039,GVRD0269,Comp 4, -53um ,DTR Tails,1.02,16.62,55.92,2.579,0.106,0.836,0.804,0.217,0.199,2.97,0.071,0.031,0.007,0.001,-0.001,0.008,-0.001,-0.001,-0.001,0.008,0.002,0.001,-0.001,0.004,0.009,0.4,10.47,0.6,11.47
GVRD0269,Comp 5,DTR,Tails,N9821XD21,34-44710278,11.85638408,62.02346481,,0,,23.42532636,,0,0.875043754,1.170352999,,0,,0.649427996,0,0,0,0,100,44710278,GVRD0269 Comp 5 53 Tails,44712690040,GVRD0269,Comp 5, -53um ,DTR Tails,1.29,14.83,60.89,2.848,0.117,0.86,0.549,0.139,0.226,2.55,0.286,0.039,0.005,0.001,0.001,0.007,-0.001,0.008,-0.001,0.004,0.005,0.001,-0.001,0.005,0.011,0.47,8.38,0.7,9.55
GVRD0269,Comp 6,DTR,Tails,N9821XD21,35-44710279,3.744725427,64.09555138,,0,,18.20205365,,6.362171429,0.796214437,5.980375066,,0.333175204,,0.485733404,0,0,0,0,100,44710279,GVRD0269 Comp 6 53 Tails,44712690041,GVRD0269,Comp 6, -53um ,DTR Tails,1.15,13.98,61.86,1.613,0.062,0.906,1.912,0.167,0.075,2.67,0.477,0.023,0.003,0.001,-0.001,0.008,-0.001,0.005,-0.001,0.004,-0.001,-0.001,-0.001,0.003,0.008,0.22,7.47,1.81,9.5
GVRD0269,Comp 7,DTR,Tails,N9821XD21,36-44710280,4.087843553,63.14671326,,0,,15.97996276,,7.317003948,0.670929619,7.395844567,,0.355143109,,1.046559184,0,0,0,0,100,44710280,GVRD0269 Comp 7 53 Tails,44712690042,GVRD0269,Comp 7, -53um ,DTR Tails,1.15,13.99,61.88,1.795,0.071,0.914,1.931,0.179,0.158,2.81,0.63,0.022,0.004,0.001,-0.001,0.007,-0.001,0.005,-0.001,0.001,0.001,-0.001,-0.001,0.004,0.011,0.19,6.77,1.71,8.67
NSRD0797,Comp 3,DTR,Cons,N9821XD21,37-44710282,1.491278963,8.188971331,,0,,3.978127972,,0,84.24750269,0,,0,,0,0,0,2.094119042,0,100,44710282,NSRD0797 Comp 3 53 Cons,44710970019,NSRD0797,Comp 3, -53um ,DTR Cons,83.8,63.98,8.813,0.321,0.036,0.098,0.107,0.018,0.012,0.543,0.027,0.017,0.003,-0.001,0.002,0.003,0.001,-0.001,0.004,0.02,0.005,0.001,-0.001,0.002,0.004,-0.19,0,-1.38,-1.57
NSRD0797,Comp 4,DTR,Cons,N9821XD21,38-44710283,0.663841202,8.032859452,,0,,1.72015564,,0,86.75076956,0,,0,,0,0,0,2.832374149,0,100,44710283,NSRD0797 Comp 4 53 Cons,44710970020,NSRD0797,Comp 4, -53um ,DTR Cons,86.7,65,8.524,0.214,0.024,0.09,0.111,0.024,0.004,0.394,0.054,0.017,0.002,-0.001,0.002,0.003,0.001,0.003,0.003,0.016,0.005,0.001,-0.001,0.002,0.003,-0.31,-0.59,-1.42,-2.32
NSRD0797,Comp 8,DTR,Cons,N9821XD21,39-44710284,1.027947201,8.780693208,,0,,1.980935744,,0,85.15037141,0,,0,,0,0,0,3.060052437,0,100,44710284,NSRD0797 Comp 8 53 Cons,44710970021,NSRD0797,Comp 8, -53um ,DTR Cons,83.8,63.8,9.739,0.291,0.028,0.096,0.097,0.021,0.009,0.484,0.059,0.027,0.003,-0.001,0.003,0.004,0.001,-0.001,0.003,0.019,0.005,0.001,-0.001,0.001,0.004,-0.27,-0.47,-1.31,-2.05
NSRD0797,Comp 9,DTR,Cons,N9821XD21,40-44710285,0.707252558,9.160588275,,0,,2.309180862,,0,84.72364707,0,,0,,0,0,0,3.099331229,0,100,44710285,NSRD0797 Comp 9 53 Cons,44710970022,NSRD0797,Comp 9, -53um ,DTR Cons,83.7,63.61,9.741,0.269,0.028,0.11,0.139,0.027,0.005,0.465,0.096,0.022,0.003,-0.001,0.002,0.003,-0.001,-0.001,0.003,0.018,0.009,0.001,-0.001,0.001,0.003,-0.34,-0.5,-1.33,-2.17
NSRD0797,Comp 13,DTR,Cons,N9821XD21,41-44710286,0,7.397035119,,0,,1.001028655,,0,89.6433665,0,,0,,0,0,0,1.95856973,0,100,44710286,NSRD0797 Comp 13 53 Cons,44710970023,NSRD0797,Comp 13, -53um ,DTR Cons,87.5,65.02,8.452,0.23,0.021,0.082,0.116,0.023,0.003,0.331,0.151,0.023,0.003,-0.001,0.003,0.003,-0.001,0.002,0.003,0.016,0.008,0.002,-0.001,0.001,0.003,-0.41,-0.85,-1.35,-2.61
NSRD0797,Comp 14,DTR,Cons,N9821XD21,42-44710287,1.250786139,7.275487581,,0,,2.65326333,,0,82.55927286,0,,0,,0,0,0,6.261190089,0,100,44710287,NSRD0797 Comp 14 53 Cons,44710970024,NSRD0797,Comp 14, -53um ,DTR Cons,82.5,62.99,10.01,0.497,0.048,0.102,0.111,0.024,0.021,0.642,0.119,0.03,0.003,-0.001,0.003,0.004,0.002,0.005,0.007,0.038,0.01,0.001,-0.001,0.003,0.003,-0.19,-0.33,-1.22,-1.74
NSRD0799,Comp 5,DTR,Cons,N9821XD21,43-44710288,0.549494186,6.159282501,,0,,1.073546146,,0,79.44143674,12.18717268,,0,,0.291810607,0,0,0.297257142,0,100,44710288,NSRD0799 Comp 5 53 Cons,44710990001,NSRD0799,Comp 5, -53um ,DTR Cons,74.85,66.9,5.533,0.416,0.036,0.041,0.063,0.012,0.005,0.189,0.229,0.03,0.005,-0.001,0.005,-0.001,0.001,0.005,0.008,0.098,0.016,0.002,-0.001,0.001,0.002,-0.3,-0.76,-1.18,-2.24
NSRD0799,Comp 5,DTR,Cons,N9821XD21,43-44710288,0.549494186,6.159282501,,0,,1.073546146,,0,79.44143674,12.18717268,,0,,0.291810607,0,0,0.297257142,0,100,44710288,NSRD0799 Comp 5 53 Cons,44710990314,NSRD0799,Comp 5, -53um ,R-DTR Cons,,65.58,6.944,0.483,0.034,0.048,0.069,0.013,0.009,0.213,0.284,0.037,0.006,-0.001,-0.001,0.002,0.001,0.01,0.008,0.078,0.015,0.002,-0.001,-0.001,0.001,-0.31,-0.61,-1.16,-2.08
NSRD0799,Comp 6,DTR,Cons,N9821XD21,44-44710289,0,6.234354403,,0,,0,,0,92.78488032,0.758091615,,0,,0,0,0,0.222673659,0,100,44710289,NSRD0799 Comp 6 53 Cons,44710990002,NSRD0799,Comp 6, -53um ,DTR Cons,83.27,66.18,6.892,0.44,0.034,0.053,0.097,0.014,0.006,0.268,0.249,0.037,0.004,-0.001,0.003,-0.001,0.001,0.007,0.007,0.081,0.016,0.002,-0.001,0.001,0.003,-0.42,-0.73,-1.35,-2.5
NSRD0799,Comp 6,DTR,Cons,N9821XD21,44-44710289,0,6.234354403,,0,,0,,0,92.78488032,0.758091615,,0,,0,0,0,0.222673659,0,100,44710289,NSRD0799 Comp 6 53 Cons,44710990315,NSRD0799,Comp 6, -53um ,R-DTR Cons,,65.75,7.013,0.439,0.031,0.052,0.094,0.013,0.008,0.247,0.25,0.044,0.005,-0.001,-0.001,0.002,-0.001,0.012,0.008,0.066,0.016,0.002,0.001,-0.001,-0.001,-0.45,-0.72,-1.33,-2.5
NSRD0799,Comp 10,DTR,Cons,N9821XD21,45-44710290,0.69976302,5.865143775,,0,,1.456649864,,0,91.04161327,0.499977333,,0,,0,0,0,0.436852734,0,100,44710290,NSRD0799 Comp 10 53 Cons,44710990003,NSRD0799,Comp 10, -53um ,DTR Cons,85,66.92,6.19,0.297,0.027,0.053,0.082,0.011,0.005,0.29,0.115,0.018,0.003,-0.001,0.007,-0.001,0.002,0.005,0.005,0.05,0.009,0.002,0.001,-0.001,0.002,-0.43,-0.79,-1.29,-2.51
NSRD0799,Comp 10,DTR,Cons,N9821XD21,45-44710290,0.69976302,5.865143775,,0,,1.456649864,,0,91.04161327,0.499977333,,0,,0,0,0,0.436852734,0,100,44710290,NSRD0799 Comp 10 53 Cons,44710990316,NSRD0799,Comp 10, -53um ,R-DTR Cons,,65.57,7.405,0.331,0.026,0.061,0.088,0.013,0.008,0.32,0.137,0.025,0.006,0.001,-0.001,0.003,0.001,0.009,0.006,0.043,0.012,0.002,0.003,-0.001,0.001,-0.44,-0.69,-1.29,-2.42
NSRD0799,Comp 12,DTR,Cons,N9821XD21,46-44710291,0,6.996797657,,0,,1.250529653,,0,89.85709454,0.603815724,,0,,0.352358345,0,0,0.939404078,0,100,44710291,NSRD0799 Comp 12 53 Cons,44710990004,NSRD0799,Comp 12, -53um ,DTR Cons,82.12,64.72,8.54,0.593,0.04,0.057,0.095,0.014,0.01,0.31,0.359,0.056,0.004,-0.001,0.003,-0.001,0.002,0.01,0.008,0.069,0.015,0.001,0.001,0.001,0.003,-0.42,-0.76,-1.27,-2.45
NSRD0799,Comp 12,DTR,Cons,N9821XD21,46-44710291,0,6.996797657,,0,,1.250529653,,0,89.85709454,0.603815724,,0,,0.352358345,0,0,0.939404078,0,100,44710291,NSRD0799 Comp 12 53 Cons,44710990317,NSRD0799,Comp 12, -53um ,R-DTR Cons,,64.61,8.352,0.576,0.038,0.055,0.092,0.014,0.012,0.287,0.349,0.059,0.007,-0.001,-0.001,0.004,0.002,0.015,0.008,0.058,0.013,0.003,0.004,-0.001,0.003,-0.45,-0.78,-1.26,-2.49
NSRD0799,Comp 13,DTR,Cons,N9821XD21,47-44710292,0.97882562,6.773923128,,0,,0.900845345,,0,90.29792852,0,,0,,0.413092084,0,0,0.635385301,0,100,44710292,NSRD0799 Comp 13 53 Cons,44710990005,NSRD0799,Comp 13, -53um ,DTR Cons,84.2,65.47,7.62,0.59,0.042,0.055,0.099,0.016,0.018,0.31,0.325,0.021,0.005,-0.001,0.009,-0.001,0.001,0.011,0.009,0.078,0.012,0.002,0.002,0.002,0.003,-0.4,-0.84,-1.26,-2.5
NSRD0799,Comp 13,DTR,Cons,N9821XD21,47-44710292,0.97882562,6.773923128,,0,,0.900845345,,0,90.29792852,0,,0,,0.413092084,0,0,0.635385301,0,100,44710292,NSRD0799 Comp 13 53 Cons,44710990318,NSRD0799,Comp 13, -53um ,R-DTR Cons,,64.66,8.19,0.608,0.039,0.056,0.098,0.016,0.018,0.313,0.351,0.025,0.007,0.001,-0.001,0.004,0.002,0.014,0.01,0.066,0.014,0.003,-0.001,0.001,0.002,-0.41,-0.81,-1.23,-2.45
NSRD0799,Comp 14,DTR,Cons,N9821XD21,48-44710293,1.358259654,5.505994934,,0,,1.274557149,,0,90.27082399,0,,0,,0.249071308,0,0,1.341292962,0,100,44710293,NSRD0799 Comp 14 53 Cons,44710990006,NSRD0799,Comp 14, -53um ,DTR Cons,83.46,65.42,7.192,0.693,0.063,0.046,0.095,0.014,0.014,0.378,0.296,0.015,0.008,-0.001,-0.001,-0.001,0.002,0.009,0.015,0.182,0.013,0.001,-0.001,0.002,0.003,-0.25,-0.78,-1.32,-2.35
NSRD0799,Comp 14,DTR,Cons,N9821XD21,48-44710293,1.358259654,5.505994934,,0,,1.274557149,,0,90.27082399,0,,0,,0.249071308,0,0,1.341292962,0,100,44710293,NSRD0799 Comp 14 53 Cons,44710990319,NSRD0799,Comp 14, -53um ,R-DTR Cons,,64.72,7.622,0.735,0.063,0.053,0.099,0.015,0.017,0.396,0.308,0.027,0.012,-0.001,-0.001,0.005,0.003,0.014,0.015,0.153,0.016,0.001,0.001,0.001,0.001,-0.33,-0.68,-1.27,-2.28
NSRD0799,Comp 16,DTR,Cons,N9821XD21,49-44710294,1.891320914,4.454079399,,0,,1.442836119,,0,90.5165745,0,,0,,0,0,0,1.695189064,0,100,44710294,NSRD0799 Comp 16 53 Cons,44710990007,NSRD0799,Comp 16, -53um ,DTR Cons,84.99,66.06,6.13,0.653,0.069,0.042,0.074,0.009,0.015,0.384,0.22,0.02,0.008,-0.001,0.002,-0.001,0.002,0.013,0.02,0.211,0.014,0.001,-0.001,0.001,0.003,-0.26,-0.75,-1.35,-2.36
NSRD0799,Comp 16,DTR,Cons,N9821XD21,49-44710294,1.891320914,4.454079399,,0,,1.442836119,,0,90.5165745,0,,0,,0,0,0,1.695189064,0,100,44710294,NSRD0799 Comp 16 53 Cons,44710990320,NSRD0799,Comp 16, -53um ,R-DTR Cons,,66.35,5.75,0.605,0.065,0.042,0.068,0.008,0.018,0.351,0.205,0.012,0.011,-0.001,-0.001,0.004,0.004,0.017,0.02,0.179,0.017,0.004,-0.001,0.002,0.003,-0.31,-0.81,-1.29,-2.41
NSRD0799,Comp 17,DTR,Cons,N9821XD21,50-44710295,2.498254611,7.481144594,,0,,1.847041553,,0,86.16239121,0,,0,,0.306537941,0,0,1.704630089,0,100,44710295,NSRD0799 Comp 17 53 Cons,44710990008,NSRD0799,Comp 17, -53um ,DTR Cons,85.6,65.09,7.662,0.706,0.058,0.046,0.104,0.012,0.017,0.382,0.28,0.016,0.007,-0.001,-0.001,-0.001,0.002,0.015,0.014,0.138,0.012,0.002,0.001,0.002,0.003,-0.24,-0.72,-1.36,-2.32
NSRD0799,Comp 17,DTR,Cons,N9821XD21,50-44710295,2.498254611,7.481144594,,0,,1.847041553,,0,86.16239121,0,,0,,0.306537941,0,0,1.704630089,0,100,44710295,NSRD0799 Comp 17 53 Cons,44710990321,NSRD0799,Comp 17, -53um ,R-DTR Cons,,65.79,6.265,0.685,0.057,0.045,0.098,0.012,0.016,0.35,0.281,0.031,0.01,-0.001,-0.001,0.005,0.005,0.022,0.016,0.119,0.014,0.003,-0.001,0.002,0.003,-0.34,-0.75,-1.26,-2.35
NSRD0800,Comp 4,DTR,Cons,N9821XD21,51-44710296,0.836237858,8.501156234,,0,,1.379606903,,0,88.01058877,0.91240506,,0,,0,0,0,0.360005172,0,100,44710296,NSRD0800 Comp 4 53 Cons,44718000019,NSRD0800,Comp 4, -53um ,DTR Cons,81.6,64.78,8.33,0.384,0.029,0.074,0.099,0.016,0.006,0.31,0.191,0.026,0.004,-0.001,0.001,0.004,0.005,0.008,0.004,0.037,0.011,0.001,-0.001,-0.001,0.007,-0.38,-0.62,-1.27,-2.27
NSRD0800,Comp 4,DTR,Cons,N9821XD21,51-44710296,0.836237858,8.501156234,,0,,1.379606903,,0,88.01058877,0.91240506,,0,,0,0,0,0.360005172,0,100,44710296,NSRD0800 Comp 4 53 Cons,44718000218,NSRD0800,Comp 4, -53um ,R-'DTR Cons,,65.92,7.178,0.318,0.025,0.056,0.083,0.013,0.006,0.245,0.165,0.021,0.006,-0.001,-0.001,0.005,0.004,0.008,0.007,0.043,0.016,0.002,-0.001,0.001,0.003,-0.41,-0.8,-1.28,-2.49
NSRD0800,Comp 5,DTR,Cons,N9821XD21,52-44710297,2.150628695,7.047734693,,0,,1.602880917,,0,88.09617102,0,,0,,0,0,0,1.102584676,0,100,44710297,NSRD0800 Comp 5 53 Cons,44718000020,NSRD0800,Comp 5, -53um ,DTR Cons,83.3,64.02,8.69,0.645,0.052,0.067,0.105,0.016,0.038,0.421,0.26,0.027,0.009,-0.001,0.001,0.004,0.009,0.015,0.011,0.092,0.014,0.001,-0.001,-0.001,0.009,-0.29,-0.68,-1.18,-2.15
NSRD0800,Comp 5,DTR,Cons,N9821XD21,52-44710297,2.150628695,7.047734693,,0,,1.602880917,,0,88.09617102,0,,0,,0,0,0,1.102584676,0,100,44710297,NSRD0800 Comp 5 53 Cons,44718000219,NSRD0800,Comp 5, -53um ,R-'DTR Cons,,65.59,7.058,0.514,0.044,0.048,0.087,0.013,0.024,0.312,0.205,0.019,0.008,-0.001,-0.001,0.005,0.005,0.011,0.013,0.097,0.017,0.002,0.004,0.001,0.003,-0.32,-0.87,-1.2,-2.39
NSRD0800,Comp 6,DTR,Cons,N9821XD21,53-44710298,1.749613262,6.677484977,,0,,0.922599463,,0,89.47644033,0,,0,,0,0,0,1.173861966,0,100,44710298,NSRD0800 Comp 6 53 Cons,44718000021,NSRD0800,Comp 6, -53um ,DTR Cons,81.4,64.44,7.939,0.812,0.07,0.043,0.103,0.014,0.022,0.445,0.27,0.027,0.01,-0.001,0.001,0.004,0.004,0.011,0.014,0.146,0.013,0.003,-0.001,-0.001,0.004,-0.25,-0.75,-1.23,-2.23
NSRD0800,Comp 6,DTR,Cons,N9821XD21,53-44710298,1.749613262,6.677484977,,0,,0.922599463,,0,89.47644033,0,,0,,0,0,0,1.173861966,0,100,44710298,NSRD0800 Comp 6 53 Cons,44718000220,NSRD0800,Comp 6, -53um ,R-'DTR Cons,,65.25,7.049,0.737,0.064,0.035,0.097,0.013,0.021,0.36,0.248,0.012,0.01,-0.001,-0.001,0.004,0.004,0.015,0.016,0.159,0.019,0.002,0.002,0.001,0.002,-0.29,-0.93,-1.19,-2.41
NSRD0800,Comp 8,DTR,Cons,N9821XD21,54-44710299,1.867350217,5.922151298,,0,,2.031664806,,0,88.89603537,0,,0,,0,0,0,1.282798311,0,100,44710299,NSRD0800 Comp 8 53 Cons,44718000022,NSRD0800,Comp 8, -53um ,DTR Cons,81.8,64.92,6.919,0.738,0.073,0.057,0.079,0.01,0.021,0.479,0.209,0.022,0.018,-0.001,0.001,0.004,0.004,0.012,0.017,0.255,0.014,0.001,-0.001,0.001,0.005,-0.2,-0.55,-1.22,-1.97
NSRD0800,Comp 8,DTR,Cons,N9821XD21,54-44710299,1.867350217,5.922151298,,0,,2.031664806,,0,88.89603537,0,,0,,0,0,0,1.282798311,0,100,44710299,NSRD0800 Comp 8 53 Cons,44718000221,NSRD0800,Comp 8, -53um ,R-'DTR Cons,,66.22,5.735,0.616,0.068,0.044,0.066,0.009,0.021,0.377,0.173,0.016,0.018,-0.001,-0.001,0.004,0.003,0.01,0.02,0.263,0.019,0.002,-0.001,-0.001,0.002,-0.28,-0.78,-1.26,-2.32
NSRD0800,Comp 11,DTR,Cons,N9821XD21,55-44710300,1.652734703,6.296722108,,0,,1.241410609,,0,89.87477948,0,,0,,0,0,0,0.9343531,0,100,44710300,NSRD0800 Comp 11 53 Cons,44718000023,NSRD0800,Comp 11, -53um ,DTR Cons,83.7,65.24,7.451,0.585,0.046,0.051,0.07,0.011,0.021,0.384,0.253,0.013,0.005,-0.001,0.001,0.002,0.001,0.011,0.008,0.064,0.011,0.001,-0.001,-0.001,0.006,-0.34,-0.86,-1.17,-2.37
NSRD0800,Comp 11,DTR,Cons,N9821XD21,55-44710300,1.652734703,6.296722108,,0,,1.241410609,,0,89.87477948,0,,0,,0,0,0,0.9343531,0,100,44710300,NSRD0800 Comp 11 53 Cons,44718000222,NSRD0800,Comp 11, -53um ,R-'DTR Cons,,66.31,6.412,0.48,0.04,0.039,0.064,0.01,0.019,0.304,0.218,0.019,0.007,-0.001,-0.001,0.003,0.004,0.014,0.009,0.067,0.012,0.002,0.001,0.001,0.002,-0.39,-1.04,-1.19,-2.62
NSRD0800,Comp 15,DTR,Cons,N9821XD21,56-44710301,0.911927947,5.543499451,,0,,0,,0,92.90194478,0,,0,,0,0,0,0.642627821,0,100,44710301,NSRD0800 Comp 15 53 Cons,44718000024,NSRD0800,Comp 15, -53um ,DTR Cons,85.4,65.22,7.332,0.66,0.048,0.049,0.091,0.011,0.022,0.342,0.37,0.017,0.006,-0.001,0.001,0.003,0.004,0.012,0.008,0.064,0.013,0.001,-0.001,0.001,0.005,-0.37,-0.93,-1.11,-2.41
NSRD0800,Comp 15,DTR,Cons,N9821XD21,56-44710301,0.911927947,5.543499451,,0,,0,,0,92.90194478,0,,0,,0,0,0,0.642627821,0,100,44710301,NSRD0800 Comp 15 53 Cons,44718000223,NSRD0800,Comp 15, -53um ,R-'DTR Cons,,66.34,6.262,0.553,0.044,0.039,0.077,0.01,0.018,0.264,0.325,0.013,0.006,-0.001,-0.001,0.003,0.004,0.014,0.01,0.068,0.015,0.003,0.001,0.001,0.003,-0.4,-1.05,-1.19,-2.64
NSRD0801,Comp 3,DTR,Cons,N9821XD21,57-44710302,0.944763157,3.853275186,,0,,0.668630589,,0,88.21305694,5.590949832,,0,,0,0,0,0.729324293,0,100,44710302,NSRD0801 Comp 3 53 Cons,44711010019,NSRD0801,Comp 3, -53um ,DTR Cons,84.4,67.86,4.607,0.304,0.024,0.029,0.109,0.009,0.008,0.18,0.145,-0.001,0.002,-0.001,0.004,0.001,-0.001,0.002,0.007,0.049,0.008,-0.001,0.003,-0.001,-0.001,-0.4,-0.97,-1.21,-2.58
NSRD0801,Comp 4,DTR,Cons,N9821XD21,58-44710303,0.906937852,3.5900623,,0,,0.531977725,,0,93.86201952,0.498552387,,0,,0,0,0,0.610450211,0,100,44710303,NSRD0801 Comp 4 53 Cons,44711010020,NSRD0801,Comp 4, -53um ,DTR Cons,89,67.94,4.515,0.306,0.027,0.034,0.12,0.009,0.011,0.183,0.159,0.014,0.004,-0.001,0.003,0.004,0.007,0.005,0.006,0.048,0.01,0.001,-0.001,0.002,0.001,-0.41,-1.06,-1.22,-2.69
NSRD0801,Comp 5,DTR,Cons,N9821XD21,59-44710304,1.069683363,4.813330424,,0,,1.060017315,,0,91.64339469,0,,0,,0,0,0,1.413574213,0,100,44710304,NSRD0801 Comp 5 53 Cons,44711010021,NSRD0801,Comp 5, -53um ,DTR Cons,88.4,67.39,5.197,0.306,0.025,0.033,0.114,0.014,0.009,0.226,0.125,0.02,0.003,-0.001,0.002,0.002,0.004,0.005,0.006,0.058,0.013,-0.001,-0.001,-0.001,-0.001,-0.38,-0.91,-1.3,-2.59
NSRD0801,Comp 6,DTR,Cons,N9821XD21,60-44710305,0.966344367,3.139090111,,0,,1.053432218,,0,93.45380891,0,,0,,0,0,0,1.387324393,0,100,44710305,NSRD0801 Comp 6 53 Cons,44711010022,NSRD0801,Comp 6, -53um ,DTR Cons,89.2,67.88,4.148,0.368,0.037,0.04,0.123,0.014,0.013,0.29,0.086,0.005,0.003,-0.001,0.004,0.001,-0.001,0.002,0.01,0.123,0.009,-0.001,-0.001,-0.001,-0.001,-0.32,-0.81,-1.31,-2.44
NSRD0801,Comp 7,DTR,Cons,N9821XD21,61-44710306,0.820494801,3.594232266,,0,,0.776460652,,0,93.58552497,0,,0,,0,0,0,1.223287313,0,100,44710306,NSRD0801 Comp 7 53 Cons,44711010023,NSRD0801,Comp 7, -53um ,DTR Cons,88.6,67.57,4.685,0.364,0.036,0.034,0.116,0.016,0.024,0.296,0.076,0.022,0.003,-0.001,0.002,0.003,0.004,-0.001,0.008,0.094,0.008,0.001,0.002,0.001,-0.001,-0.33,-1.04,-1.17,-2.54
NSRD0801,Comp 8,DTR,Cons,N9821XD21,62-44710307,0.821465674,2.91405116,,0,,0.850522355,,0,93.31637553,0,,0,,0,0,0,2.097585286,0,100,44710307,NSRD0801 Comp 8 53 Cons,44711010024,NSRD0801,Comp 8, -53um ,DTR Cons,89.4,67.9,4.352,0.346,0.032,0.034,0.138,0.017,0.01,0.295,0.125,0.038,0.004,0.001,0.002,0.004,0.003,0.004,0.006,0.054,0.01,-0.001,-0.001,-0.001,-0.001,-0.42,-1,-1.23,-2.65
NSRD0796,Comp 2,DTR,Cons,N9821XD21,63-44710308,0.81605644,7.011814294,,0,,1.996725901,,0,67.30641973,22.86898363,,0,,0,0,0,0,0,100,44710308,NSRD0796 Comp 2 53 Cons,44710960019,NSRD0796,Comp 2, -53um ,DTR Cons,63.1,65.29,6.986,0.197,0.024,0.089,0.052,0.019,0.008,0.27,0.046,0.009,0.004,-0.001,-0.001,0.002,0.001,-0.001,0.006,0.022,0.009,0.001,-0.001,-0.001,0.004,-0.13,-0.32,-0.75,-1.2
NSRD0796,Comp 3,DTR,Cons,N9821XD21,64-44710309,1.087217568,8.835908827,,0,,2.306053359,,0,86.83194984,0.737406955,,0,,0.201463453,0,0,0,0,100,44710309,NSRD0796 Comp 3 53 Cons,44710960020,NSRD0796,Comp 3, -53um ,DTR Cons,84.1,63.97,9.393,0.356,0.032,0.093,0.085,0.02,0.013,0.366,0.14,0.009,0.003,-0.001,-0.001,0.001,-0.001,-0.001,0.004,0.025,0.008,0.002,-0.001,-0.001,0.003,-0.26,-0.69,-1.03,-1.98
NSRD0796,Comp 4,DTR,Cons,N9821XD21,65-44710310,0.9906585,7.540565711,,0,,2.665520028,,0,88.80325576,0,,0,,0,0,0,0,0,100,44710310,NSRD0796 Comp 4 53 Cons,44710960021,NSRD0796,Comp 4, -53um ,DTR Cons,86.4,65.37,7.773,0.211,0.021,0.091,0.093,0.02,0.005,0.29,0.055,0.015,0.003,-0.001,-0.001,0.001,-0.001,-0.001,0.003,0.019,0.007,-0.001,-0.001,-0.001,0.002,-0.3,-0.73,-1.22,-2.25
NSRD0796,Comp 5,DTR,Cons,N9821XD21,66-44710311,1.46976991,8.020363162,,0,,4.337927552,,0,86.17193938,0,,0,,0,0,0,0,0,100,44710311,NSRD0796 Comp 5 53 Cons,44710960022,NSRD0796,Comp 5, -53um ,DTR Cons,84.7,64.38,8.399,0.275,0.024,0.111,0.101,0.018,0.01,0.39,0.076,0.01,0.003,0.001,0.001,0.002,-0.001,0.002,0.004,0.023,0.008,0.001,-0.001,-0.001,0.002,-0.26,-0.25,-1.15,-1.66
NSRD0796,Comp 6,DTR,Cons,N9821XD21,67-44710312,0,5.572458033,,0,,4.069203357,,0,90.35833861,0,,0,,0,0,0,0,0,100,44710312,NSRD0796 Comp 6 53 Cons,44710960023,NSRD0796,Comp 6, -53um ,DTR Cons,86.8,66.67,5.505,0.175,0.02,0.089,0.088,0.018,0.006,0.278,0.063,0.037,0.004,-0.001,-0.001,0.001,-0.001,0.003,0.004,0.026,0.009,0.002,0.001,-0.001,0.003,-0.29,-0.39,-1.07,-1.75
NSRD0796,Comp 7,DTR,Cons,N9821XD21,68-44710313,0,8.050651295,,0,,3.199712596,,0,88.08007643,0.66955968,,0,,0,0,0,0,0,100,44710313,NSRD0796 Comp 7 53 Cons,44710960024,NSRD0796,Comp 7, -53um ,DTR Cons,84.9,64.57,8.441,0.235,0.023,0.101,0.091,0.019,0.005,0.299,0.073,0.05,0.003,-0.001,-0.001,0.002,-0.001,0.003,0.003,0.019,0.008,0.002,-0.001,-0.001,0.003,-0.31,-0.42,-1.07,-1.8
GVRD0267,Comp 4,DTR,Cons,N9821XD21,69-44710314,0,6.360514594,,0,,1.68624991,,0,89.01623653,2.936998964,,0,,0,0,0,0,0,100,44710314,GVRD0267 Comp 4 53 Cons,44712670019,GVRD0267,Comp 4, -53um ,DTR Cons,86.58,66.74,6.298,0.138,0.019,0.066,0.074,0.015,0.006,0.207,0.015,0.008,0.003,0.001,0.004,0.001,-0.001,0.004,0.002,0.022,0.004,0.001,0.001,0.001,0.004,-0.35,-0.64,-1.19,-2.18
GVRD0267,Comp 5,DTR,Cons,N9821XD21,70-44710315,0,6.246181091,,0,,1.583001307,,0,89.35994361,1.220199088,,0,,0,0,0,0,1.590674899,100,44710315,GVRD0267 Comp 5 53 Cons,44712670020,GVRD0267,Comp 5, -53um ,DTR Cons,88.29,66.32,6.542,0.179,0.015,0.06,0.086,0.017,0.006,0.213,0.012,0.007,0.003,-0.001,0.007,0.002,-0.001,0.002,0.003,0.03,0.009,0.001,-0.001,0.001,0.001,-0.34,-0.73,-1.21,-2.28
GVRD0267,Comp 6,DTR,Cons,N9821XD21,71-44710316,0,6.052298859,,0,,1.622245357,,0,91.07930484,1.246150943,,0,,0,0,0,0,0,100,44710316,GVRD0267 Comp 6 53 Cons,44712670021,GVRD0267,Comp 6, -53um ,DTR Cons,88.29,66.85,5.974,0.122,0.019,0.062,0.071,0.014,0.006,0.204,0.014,0.016,0.004,-0.001,0.007,0.001,0.001,0.004,0.002,0.022,0.006,0.001,-0.001,0.001,0.004,-0.37,-0.72,-1.2,-2.29
GVRD0267,Comp 7,DTR,Cons,N9821XD21,72-44710317,0,4.435649558,,0,,1.243724625,,0,92.66569684,1.654928974,,0,,0,0,0,0,0,100,44710317,GVRD0267 Comp 7 53 Cons,44712670022,GVRD0267,Comp 7, -53um ,DTR Cons,89.61,68.06,4.643,0.083,0.011,0.053,0.068,0.014,0.006,0.167,0.012,0.009,0.003,-0.001,0.006,0.003,-0.001,0.003,0.002,0.026,0.006,0.002,-0.001,0.001,0.003,-0.44,-0.89,-1.19,-2.52
GVRD0267,Comp 8,DTR,Cons,N9821XD21,73-44710318,0,5.394470194,,0,,1.285180871,,0,92.57881529,0.741533648,,0,,0,0,0,0,0,100,44710318,GVRD0267 Comp 8 53 Cons,44712670023,GVRD0267,Comp 8, -53um ,DTR Cons,88.47,67.23,5.707,0.1,0.019,0.062,0.078,0.015,0.006,0.182,0.016,0.012,0.003,-0.001,0.007,0.001,0.002,0.006,0.002,0.026,0.011,0.002,-0.001,0.001,0.005,-0.42,-0.73,-1.23,-2.38
GVRD0267,Comp 9,DTR,Cons,N9821XD21,74-44710319,0,5.78914041,,0,,2.405339326,,0,90.26797969,0,,0,,0,0,0,0,1.537540571,100,44710319,GVRD0267 Comp 9 53 Cons,44712670024,GVRD0267,Comp 9, -53um ,DTR Cons,89.23,66.38,6.137,0.173,0.019,0.077,0.083,0.016,0.01,0.252,0.022,0.007,0.004,-0.001,0.005,0.003,-0.001,0.002,0.003,0.034,0.003,0.001,-0.001,0.001,0.004,-0.34,-0.56,-1.22,-2.12
GVRD0268,Comp 2,DTR,Cons,N9821XD21,75-44710320,0,7.146714615,,0,,1.507297664,,0,87.22884338,4.117144345,,0,,0,0,0,0,0,100,44710320,GVRD0268 Comp 2 53 Cons,,,,,,,,,,,,,,,,,,,,,,,,,,,,,,,,,,
GVRD0268,Comp 3,DTR,Cons,N9821XD21,76-44710321,0,5.620381906,,0,,1.418280593,,0,91.902436,1.058901506,,0,,0,0,0,0,0,100,44710321,GVRD0268 Comp 3 53 Cons,,,,,,,,,,,,,,,,,,,,,,,,,,,,,,,,,,
GVRD0268,Comp 4,DTR,Cons,N9821XD21,77-44710322,0,6.559635853,,0,,1.228092094,,0,89.6900299,0.903987744,,0,,0,0,0,0,1.618254407,100,44710322,GVRD0268 Comp 4 53 Cons,,,,,,,,,,,,,,,,,,,,,,,,,,,,,,,,,,
GVRD0268,Comp 5,DTR,Cons,N9821XD21,78-44710323,0,5.605408108,,0,,1.997882099,,0,89.58553606,1.249248822,,0,,0,0,0,0,1.561924906,100,44710323,GVRD0268 Comp 5 53 Cons,,,,,,,,,,,,,,,,,,,,,,,,,,,,,,,,,,
GVRD0268,Comp 6,DTR,Cons,N9821XD21,79-44710324,0,7.130960159,,0,,1.099926569,,0,89.89116834,1.877944928,,0,,0,0,0,0,0,100,44710324,GVRD0268 Comp 6 53 Cons,,,,,,,,,,,,,,,,,,,,,,,,,,,,,,,,,,
GVRD0268,Comp 7,DTR,Cons,N9821XD21,80-44710325,0,7.097100006,,0,,0.680678775,,0,89.71503618,2.507185043,,0,,0,0,0,0,0,100,44710325,GVRD0268 Comp 7 53 Cons,,,,,,,,,,,,,,,,,,,,,,,,,,,,,,,,,,
GVRD0268,Comp 8,DTR,Cons,N9821XD21,81-44710326,0,4.01088178,,0,,0.192299908,,0,93.42497744,2.371840876,,0,,0,0,0,0,0,100,44710326,GVRD0268 Comp 8 53 Cons,,,,,,,,,,,,,,,,,,,,,,,,,,,,,,,,,,
GVRD0268,Comp 9,DTR,Cons,N9821XD21,82-44710327,0,4.062737951,,0,,0.685470769,,0,94.16228946,1.089501816,,0,,0,0,0,0,0,100,44710327,GVRD0268 Comp 9 53 Cons,,,,,,,,,,,,,,,,,,,,,,,,,,,,,,,,,,
GVRD0269,Comp 2,DTR,Cons,N9821XD21,83-44710328,0,5.631627159,,0,,0.741724824,,0,79.0862228,13.42989914,,0,,0,0,0,0,1.110526073,100,44710328,GVRD0269 Comp 2 53 Cons,44712690019,GVRD0269,Comp 2, -53um ,DTR Cons,77.48,66.77,5.671,0.195,0.024,0.076,0.083,0.027,0.012,0.204,0.021,0.008,0.003,0.001,0.009,0.002,-0.001,0.004,0.003,0.025,0.004,0.002,-0.001,0.001,0.002,-0.25,-0.86,-0.92,-2.03
GVRD0269,Comp 3,DTR,Cons,N9821XD21,84-44710329,0,4.59047917,,0,,1.721292501,,0,90.15050726,2.137619188,,0,,0,0,0,0,1.400101884,100,44710329,GVRD0269 Comp 3 53 Cons,44712690020,GVRD0269,Comp 3, -53um ,DTR Cons,87.91,67.24,4.979,0.206,0.039,0.07,0.095,0.026,0.017,0.284,0.032,0.008,0.003,-0.001,0.012,0.001,0.001,0.004,0.006,0.036,0.005,0.002,-0.001,0.002,0.003,-0.23,-0.66,-1.32,-2.21
GVRD0269,Comp 4,DTR,Cons,N9821XD21,85-44710330,0,6.069673895,,0,,1.914987109,,0,88.60272118,1.185503926,,0,,0,0,0,0,2.227113886,100,44710330,GVRD0269 Comp 4 53 Cons,44712690021,GVRD0269,Comp 4, -53um ,DTR Cons,88.29,66.14,6.383,0.205,0.028,0.086,0.095,0.025,0.013,0.26,0.004,0.009,0.004,0.001,0.01,0.002,-0.001,0.002,0.004,0.031,0.005,0.001,-0.001,0.001,0.005,-0.28,-0.52,-1.33,-2.13
GVRD0269,Comp 5,DTR,Cons,N9821XD21,86-44710331,0,7.111619062,,0,,1.594570822,,0,88.06046631,0.636541933,,0,,0,0,0,0,2.596801869,100,44710331,GVRD0269 Comp 5 53 Cons,44712690022,GVRD0269,Comp 5, -53um ,DTR Cons,86.2,65.71,7.226,0.242,0.038,0.088,0.082,0.024,0.013,0.244,0.023,0.005,0.003,-0.001,0.008,-0.001,0.001,0.005,0.004,0.031,0.006,0.002,-0.001,0.002,0.004,-0.2,-0.66,-1.3,-2.16
GVRD0269,Comp 6,DTR,Cons,N9821XD21,87-44710332,0,3.736593025,,0,,0.425692173,,0,93.41052745,2.427187355,,0,,0,0,0,0,0,100,44710332,GVRD0269 Comp 6 53 Cons,44712690023,GVRD0269,Comp 6, -53um ,DTR Cons,89.42,68.79,3.817,0.105,0.019,0.054,0.089,0.022,0.006,0.136,0.036,0.009,0.003,-0.001,0.008,-0.001,-0.001,0.002,0.002,0.022,0.009,0.001,-0.001,0.001,0.001,-0.4,-1.09,-1.31,-2.8
GVRD0269,Comp 7,DTR,Cons,N9821XD21,88-44710333,0,5.355008534,,0,,0.712475778,,0,91.73223044,2.200285253,,0,,0,0,0,0,0,100,44710333,GVRD0269 Comp 7 53 Cons,44712690024,GVRD0269,Comp 7, -53um ,DTR Cons,90.56,67.5,5.264,0.132,0.017,0.067,0.102,0.024,0.006,0.179,0.054,0.004,0.003,-0.001,0.007,0.003,0.002,0.004,0.002,0.02,0.002,0.002,-0.001,0.001,0.004,-0.39,-1.04,-1.28,-2.71
NSRD0798, Comp 3 ,DTR,Tails,N9774XD21,1-44710164,3.315443015,49.55046086,,0,1.903268789,22.97283728,0,1.999501554,0,1.600775453,18.65771305,0,,,0,,,,100,44710164,NSRD0798 Comp 3 45 Tails,44710980033,NSRD0798,Comp 3, -45um,DTR Tails,1.1,16.39,57.32,1.937,0.08,0.875,1.087,0.157,0.06,3.47,0.489,0.117,0.005,0.001,0.002,0.005,-0.001,0.013,-0.001,0.001,0.006,-0.001,-0.001,0.003,0.01,0.84,9.02,0.42,10.28
NSRD0798, Comp 4 ,DTR,Tails,N9774XD21,2-44710165,3.688319203,51.23809593,,0,3.416572054,15.35393623,0,7.689585698,0,1.763314652,16.85017623,0,,,0,,,,100,44710165,NSRD0798 Comp 4 45 Tails,44710980034,NSRD0798,Comp 4, -45um,DTR Tails,1.8,14.1,59.84,2.263,0.094,0.898,2.301,0.156,0.132,3.42,0.782,0.107,0.006,0.001,0.002,0.005,0.001,0.018,-0.001,0.001,0.004,0.001,-0.001,0.004,0.013,0.61,6.87,1.79,9.27
NSRD0798, Comp 5 ,DTR,Tails,N9774XD21,3-44710166,1.125598411,52.98826557,,0,9.793259553,12.3491861,0,9.80612435,0,1.364356698,12.57320932,0,,,0,,,,100,44710166,NSRD0798 Comp 5 45 Tails,44710980035,NSRD0798,Comp 5, -45um,DTR Tails,1.1,10.92,61.1,2.842,0.116,0.771,3.514,0.23,0.146,3.32,1.779,0.096,0.008,0.001,0.002,0.005,-0.001,0.025,-0.001,0.002,0.005,0.001,-0.001,0.003,0.012,0.48,5.87,2.98,9.33
NSRD0798, Comp 6 ,DTR,Tails,N9774XD21,4-44710167,3.7656633,49.44413871,,0,2.92505376,14.02978608,0,8.723778644,0,1.143899732,19.96767977,0,,,0,,,,100,44710167,NSRD0798 Comp 6 45 Tails,44710980036,NSRD0798,Comp 6, -45um,DTR Tails,1,14.93,58.05,2.242,0.096,0.534,3.113,0.15,0.229,3.14,0.697,0.098,0.006,0.002,0.002,0.005,0.001,0.013,-0.001,0.003,0.006,0.001,-0.001,0.004,0.013,0.69,6.3,2.57,9.56
NSRD0798, Comp 7 ,DTR,Tails,N9774XD21,5-44710168,3.670663925,41.52559898,,0,0,23.38970439,0,4.373335803,0,0.646400917,26.39429599,0,,,0,,,,100,44710168,NSRD0798 Comp 7 45 Tails,44710980037,NSRD0798,Comp 7, -45um,DTR Tails,1,20.09,51.76,2.39,0.103,0.51,1.494,0.123,0.129,2.97,0.577,0.14,0.005,0.001,0.003,0.003,-0.001,0.012,-0.001,0.003,0.006,0.001,-0.001,0.004,0.01,1.47,8.09,0.86,10.42
NSRD0798, Comp 8 ,DTR,Tails,N9774XD21,6-44710169,3.335281126,40.88197468,,0,0,23.57731639,0,2.350436729,0,1.161380301,28.69361077,0,,,0,,,,100,44710169,NSRD0798 Comp 8 45 Tails,44710980038,NSRD0798,Comp 8, -45um,DTR Tails,1.1,20.45,51.94,2.435,0.102,0.537,1.144,0.152,0.102,2.95,0.629,0.149,0.005,0.001,0.002,0.003,-0.001,0.007,-0.001,0.002,0.006,0.001,-0.001,0.003,0.009,1.46,8.06,0.45,9.97
NSRD0798, Comp 9 ,DTR,Tails,N9774XD21,7-44710170,4.077069087,33.45228172,,0,0,22.82901792,0,5.41586362,0,1.071634532,33.15413312,0,,,0,,,,100,44710170,NSRD0798 Comp 9 45 Tails,44710980039,NSRD0798,Comp 9, -45um,DTR Tails,0.9,21.93,48.12,3.123,0.134,0.439,1.736,0.14,0.25,3.01,0.766,0.171,0.007,0.002,0.003,0.005,-0.001,0.013,0.002,0.008,0.01,0.001,-0.001,0.005,0.012,1.14,7.88,1.07,10.09
NSRD0798, Comp 10,DTR,Tails,N9774XD21,8-44710171,5.976120763,43.58462611,,0,0,15.78306029,0,7.738764173,0,0,26.91742866,0,,,0,,,,100,44710171,NSRD0798 Comp 10 45 Tails,44710980040,NSRD0798,Comp 10, -45um,DTR Tails,1.1,18.66,53.29,3.043,0.141,0.451,2.601,0.139,0.192,2.94,0.695,0.153,0.007,0.001,0.002,0.005,0.001,0.013,-0.001,0.006,0.008,0.001,-0.001,0.005,0.013,1,6.23,1.93,9.16
NSRD0798, Comp 3 ,DTR,Tails,N9774XD21,9-44710172,3.683417338,47.77459321,,2.100356191,1.512169537,23.22395255,0,1.790538293,0,1.617742619,18.29723026,0,,,0,,,,100,44710172,NSRD0798 Comp 3 38 Tails,44710980041,NSRD0798,Comp 3, -38um,DTR Tails,0.9,16.62,56.53,1.977,0.087,0.891,1.061,0.157,0.063,3.53,0.494,0.108,0.007,0.001,0.003,0.006,-0.001,0.009,-0.001,-0.001,0.004,0.001,-0.001,0.004,0.01,0.86,9.11,0.43,10.4
NSRD0798, Comp 4 ,DTR,Tails,N9774XD21,10-44710173,3.487309561,52.35879197,,0,3.420401132,16.20402485,0,6.377892885,0,1.905869257,16.24571035,0,,,0,,,,100,44710173,NSRD0798 Comp 4 38 Tails,44710980042,NSRD0798,Comp 4, -38um,DTR Tails,1.8,14.13,59.06,2.259,0.094,0.914,2.412,0.158,0.127,3.46,0.782,0.107,0.006,0.001,0.003,0.005,0.001,0.014,-0.001,0.001,0.004,0.001,-0.001,0.004,0.013,0.67,6.96,1.85,9.48
NSRD0798, Comp 5 ,DTR,Tails,N9774XD21,11-44710174,1.073282705,53.89743085,,0,9.150903449,12.70812639,0,9.167199401,0,1.809258222,12.19379899,0,,,0,,,,100,44710174,NSRD0798 Comp 5 38 Tails,44710980043,NSRD0798,Comp 5, -38um,DTR Tails,1.1,10.88,61.44,2.818,0.12,0.79,3.4,0.238,0.115,3.3,1.779,0.098,0.006,0.001,0.002,0.005,-0.001,0.027,-0.001,0.002,0.004,0.001,-0.001,0.003,0.012,0.54,5.88,2.86,9.28
NSRD0798, Comp 6 ,DTR,Tails,N9774XD21,12-44710175,3.328931406,50.68211102,,0,2.805215103,14.26767583,0,9.236549682,0,1.551730793,18.12778617,0,,,0,,,,100,44710175,NSRD0798 Comp 6 38 Tails,44710980044,NSRD0798,Comp 6, -38um,DTR Tails,1.2,14.85,58.07,2.258,0.095,0.528,3.138,0.152,0.159,3.13,0.696,0.116,0.005,0.001,0.003,0.004,0.001,0.012,-0.001,0.003,0.005,0.001,-0.001,0.003,0.012,0.79,6.26,2.55,9.6
NSRD0798, Comp 7 ,DTR,Tails,N9774XD21,13-44710176,3.5365025,42.19146627,,0,0,22.86699469,0,4.295331277,0,0.663561092,26.44614417,0,,,0,,,,100,44710176,NSRD0798 Comp 7 38 Tails,44710980045,NSRD0798,Comp 7, -38um,DTR Tails,1,19.91,52.14,2.381,0.108,0.51,1.494,0.12,0.143,2.94,0.572,0.136,0.005,0.001,0.002,0.004,-0.001,0.011,-0.001,0.002,0.006,0.001,-0.001,0.004,0.01,1.58,7.86,0.87,10.31
NSRD0798, Comp 8 ,DTR,Tails,N9774XD21,14-44710177,2.908191579,41.49961622,,0,0,24.13619445,0,2.415474052,0,0.650882735,28.38964097,0,,,0,,,,100,44710177,NSRD0798 Comp 8 38 Tails,44710980046,NSRD0798,Comp 8, -38um,DTR Tails,1.1,20.36,51.9,2.459,0.102,0.534,1.154,0.145,0.102,2.97,0.629,0.14,0.006,0.002,0.003,0.003,-0.001,0.009,-0.001,0.003,0.006,0.001,-0.001,0.003,0.009,1.7,7.88,0.43,10.01
NSRD0798, Comp 9 ,DTR,Tails,N9774XD21,15-44710178,4.359556134,34.87527913,,0,0,23.90600954,0,5.174063868,0,0,31.68509133,0,,,0,,,,100,44710178,NSRD0798 Comp 9 38 Tails,44710980047,NSRD0798,Comp 9, -38um,DTR Tails,0.9,22.42,46.98,3.094,0.136,0.452,1.739,0.137,0.257,3.05,0.743,0.177,0.006,0.002,0.004,0.004,-0.001,0.013,0.001,0.008,0.01,0.001,-0.001,0.004,0.012,1.39,7.98,1.04,10.41
NSRD0798, Comp 10,DTR,Tails,N9774XD21,16-44710179,5.469252749,43.42441544,,0,0,16.1517683,0,7.195677207,0,0.977876649,26.78100966,0,,,0,,,,100,44710179,NSRD0798 Comp 10 38 Tails,44710980048,NSRD0798,Comp 10, -38um,DTR Tails,1.2,18.86,52.68,3.076,0.137,0.456,2.588,0.144,0.203,2.95,0.699,0.179,0.006,0.001,0.003,0.005,0.002,0.011,-0.001,0.006,0.009,0.001,-0.001,0.005,0.013,1.44,6.07,1.66,9.17
NSRD0797, Comp 3 ,DTR,Tails,N9774XD21,17-44710180,7.236829553,50.26735221,,0,0,25.75569874,0,2.880732135,0,1.027261846,12.83212552,0,,,0,,,,100,44710180,NSRD0797 Comp 3 53 Tails,44710970037,NSRD0797,Comp 3, -53um ,DTR Tails,1.1,17.11,53.58,2.845,0.125,0.681,1.118,0.131,0.145,4.56,0.224,0.106,0.004,0.001,0.003,0.007,0.001,0.011,-0.001,0.004,0.005,0.001,0.002,0.004,0.013,1.25,9.79,0.54,11.58
NSRD0797, Comp 4 ,DTR,Tails,N9774XD21,18-44710181,4.055330826,55.83069951,,0,2.019493724,18.15368608,0,6.0087893,0,1.767848877,12.16415169,0,,,0,,,,100,44710181,NSRD0797 Comp 4 53 Tails,44710970038,NSRD0797,Comp 4, -53um ,DTR Tails,0.8,12.33,61.49,1.62,0.062,0.945,2.184,0.136,0.042,4.1,0.396,0.095,0.003,-0.001,0.004,0.006,0.003,0.017,-0.001,-0.001,0.001,-0.001,0.001,0.003,0.015,0.84,7.89,1.93,10.66
NSRD0797, Comp 8 ,DTR,Tails,N9774XD21,19-44710182,6.492979944,52.59736512,,0,2.423635728,18.99455921,0,4.52789588,0,1.549686527,13.41387759,0,,,0,,,,100,44710182,NSRD0797 Comp 8 53 Tails,44710970039,NSRD0797,Comp 8, -53um ,DTR Tails,0.9,13.65,59.95,2.155,0.085,0.883,1.616,0.156,0.074,4.29,0.402,0.106,0.004,-0.001,0.004,0.006,0.003,0.018,-0.001,0.001,0.003,-0.001,-0.001,0.004,0.012,0.83,8.29,1.16,10.28
NSRD0797, Comp 9 ,DTR,Tails,N9774XD21,20-44710183,4.501264254,54.16338007,,0,3.897511154,16.6063233,0,7.043909736,0,1.702482169,12.08512931,0,,,0,,,,100,44710183,NSRD0797 Comp 9 53 Tails,44710970040,NSRD0797,Comp 9, -53um ,DTR Tails,0.9,11.97,61.54,2.122,0.084,0.976,2.229,0.205,0.048,4.3,0.674,0.107,0.003,-0.001,0.004,0.006,0.002,0.023,-0.001,-0.001,0.002,0.001,0.002,0.003,0.013,0.73,7.45,1.82,10
NSRD0797, Comp 13,DTR,Tails,N9774XD21,21-44710184,0.54517417,61.33936445,,0,6.108758776,12.72940265,0,7.878526021,0,2.829988031,8.568785895,0,,,0,,,,100,44710184,NSRD0797 Comp 13 53 Tails,44710970041,NSRD0797,Comp 13, -53um ,DTR Tails,1.8,10.13,64.93,1.841,0.077,0.96,2.637,0.133,0.057,3.67,1.141,0.072,0.014,-0.001,0.004,0.007,0.005,0.028,-0.001,0.001,0.002,-0.001,-0.001,0.004,0.015,0.88,6.03,2.56,9.47
NSRD0797, Comp 14,DTR,Tails,N9774XD21,22-44710185,5.678675135,45.52625288,,0,2.606648028,20.43962441,0,2.896554965,0,1.054155495,21.79808909,0,,,0,,,,100,44710185,NSRD0797 Comp 14 53 Tails,44710970042,NSRD0797,Comp 14, -53um ,DTR Tails,1.2,16.27,55.74,2.918,0.12,0.709,1.412,0.223,0.168,4.19,0.676,0.153,0.004,0.001,0.003,0.006,0.001,0.021,-0.001,0.004,0.008,-0.001,-0.001,0.003,0.012,1.06,7.67,0.75,9.48
NSRD0799, Comp 5 ,DTR,Tails,N9774XD21,23-44710186,6.260528388,47.0179772,,3.138826943,10.63088104,9.567647878,0,2.661679013,0,11.07233741,3.340100915,0,,,6.310021213,,,,100,44710186,NSRD0799 Comp 5 53 Tails,44710990025,NSRD0799,Comp 5, -53um ,DTR Tails,1.09,19.52,54.46,4.527,0.207,0.523,1.142,0.151,0.132,2.32,1.884,0.293,0.007,0.001,0.004,0.007,0.005,0.044,0.003,0.032,0.013,-0.001,-0.001,0.009,0.013,1.27,4.3,0.52,6.09
NSRD0799, Comp 5 ,DTR,Tails,N9774XD21,23-44710186,6.260528388,47.0179772,,3.138826943,10.63088104,9.567647878,0,2.661679013,0,11.07233741,3.340100915,0,,,6.310021213,,,,100,44710186,NSRD0799 Comp 5 53 Tails,44710990322,NSRD0799,Comp 5, -53um ,R-DTR Tails,,19.21,54.35,4.494,0.203,0.554,1.141,0.148,0.12,2.41,1.879,0.274,0.011,0.001,-0.001,0.01,0.005,0.043,0.004,0.025,0.012,0.001,0.002,0.006,0.013,1.25,4.3,0.63,6.18
NSRD0799, Comp 6 ,DTR,Tails,N9774XD21,24-44710187,5.120616093,48.41910937,,4.288317351,9.849551382,13.73465759,0,7.208909534,0,5.739209444,5.639629235,0,,,0,,,,100,44710187,NSRD0799 Comp 6 53 Tails,44710990026,NSRD0799,Comp 6, -53um ,DTR Tails,0.99,13.75,58.75,3.844,0.168,0.595,2.183,0.166,0.101,3.32,1.822,0.343,0.005,0.001,0.001,0.007,0.004,0.04,0.001,0.01,0.008,0.001,-0.001,0.007,0.013,0.5,6.61,1.59,8.7
NSRD0799, Comp 6 ,DTR,Tails,N9774XD21,24-44710187,5.120616093,48.41910937,,4.288317351,9.849551382,13.73465759,0,7.208909534,0,5.739209444,5.639629235,0,,,0,,,,100,44710187,NSRD0799 Comp 6 53 Tails,44710990323,NSRD0799,Comp 6, -53um ,R-DTR Tails,,13.58,58.5,3.853,0.169,0.623,2.193,0.169,0.091,3.43,1.805,0.326,0.014,-0.001,-0.001,0.009,0.007,0.045,0.002,0.013,0.012,0.001,0.005,0.003,0.015,0.43,6.57,1.74,8.74
NSRD0799, Comp 10,DTR,Tails,N9774XD21,25-44710188,6.67211962,51.75260748,,2.827084346,6.314917609,16.13672563,0,7.48086432,0,3.476271592,5.339409401,0,,,0,,,,100,44710188,NSRD0799 Comp 10 53 Tails,44710990027,NSRD0799,Comp 10, -53um ,DTR Tails,0.9,14.13,58.38,3.445,0.146,0.618,2.058,0.11,0.179,3.66,1.256,0.176,0.005,0.001,0.011,0.006,0.004,0.027,0.001,0.007,0.008,-0.001,-0.001,0.005,0.012,0.46,7.46,1.52,9.44
NSRD0799, Comp 10,DTR,Tails,N9774XD21,25-44710188,6.67211962,51.75260748,,2.827084346,6.314917609,16.13672563,0,7.48086432,0,3.476271592,5.339409401,0,,,0,,,,100,44710188,NSRD0799 Comp 10 53 Tails,44710990324,NSRD0799,Comp 10, -53um ,R-DTR Tails,,13.91,57.99,3.457,0.145,0.64,2.077,0.121,0.207,3.74,1.244,0.154,0.009,-0.001,-0.001,0.008,0.004,0.028,0.002,0.008,0.008,-0.001,-0.001,0.002,0.011,0.4,7.31,1.74,9.45
NSRD0799, Comp 12,DTR,Tails,N9774XD21,26-44710189,4.289605268,45.91883584,,5.179472306,11.6344848,12.67476865,0,6.618412092,0,6.567265276,7.117155769,0,,,0,,,,100,44710189,NSRD0799 Comp 12 53 Tails,44710990028,NSRD0799,Comp 12, -53um ,DTR Tails,0.88,13.87,59.09,4.274,0.192,0.599,1.844,0.113,0.135,3.4,2.167,0.446,0.005,0.001,-0.001,0.007,0.005,0.053,0.002,0.009,0.009,0.002,-0.001,0.007,0.013,0.41,6.15,1.31,7.87
NSRD0799, Comp 12,DTR,Tails,N9774XD21,26-44710189,4.289605268,45.91883584,,5.179472306,11.6344848,12.67476865,0,6.618412092,0,6.567265276,7.117155769,0,,,0,,,,100,44710189,NSRD0799 Comp 12 53 Tails,44710990325,NSRD0799,Comp 12, -53um ,R-DTR Tails,,13.75,58.29,4.306,0.189,0.623,1.874,0.122,0.124,3.49,2.12,0.442,0.009,-0.001,-0.001,0.01,0.004,0.05,0.003,0.01,0.011,0.001,0.002,0.003,0.011,0.39,6.05,1.58,8.02
NSRD0799, Comp 13,DTR,Tails,N9774XD21,27-44710190,7.744948212,47.98090102,,0,13.60749696,13.46255575,0,6.441842639,0,2.919595332,7.842660091,0,,,0,,,,100,44710190,NSRD0799 Comp 13 53 Tails,44710990029,NSRD0799,Comp 13, -53um ,DTR Tails,0.9,12.59,59.29,4.934,0.213,0.565,1.828,0.117,0.506,3.39,2.514,0.164,0.008,0.001,0.001,0.007,0.004,0.056,0.001,0.011,0.011,0.001,-0.001,0.008,0.012,0.37,5.97,1.33,7.67
NSRD0799, Comp 13,DTR,Tails,N9774XD21,27-44710190,7.744948212,47.98090102,,0,13.60749696,13.46255575,0,6.441842639,0,2.919595332,7.842660091,0,,,0,,,,100,44710190,NSRD0799 Comp 13 53 Tails,44710990326,NSRD0799,Comp 13, -53um ,R-DTR Tails,,12.37,59.46,4.936,0.208,0.584,1.822,0.112,0.468,3.42,2.522,0.152,0.013,-0.001,-0.001,0.008,0.006,0.056,0.003,0.012,0.012,0.002,0.004,0.005,0.012,0.35,5.8,1.48,7.63
NSRD0799, Comp 14,DTR,Tails,N9774XD21,28-44710191,11.03158133,38.3587421,,0,20.62931206,12.80402198,0.733654172,4.154302414,0.932061706,0.662866298,10.69345794,0,,,0,,,,100,44710191,NSRD0799 Comp 14 53 Tails,44710990030,NSRD0799,Comp 14, -53um ,DTR Tails,0.78,14.09,55.76,6.968,0.33,0.368,1.31,0.096,0.29,3.53,3.145,0.134,0.008,0.001,0.004,0.008,0.003,0.082,0.006,0.039,0.021,0.002,-0.001,0.009,0.01,0.54,5.7,0.97,7.21
NSRD0799, Comp 14,DTR,Tails,N9774XD21,28-44710191,11.03158133,38.3587421,,0,20.62931206,12.80402198,0.733654172,4.154302414,0.932061706,0.662866298,10.69345794,0,,,0,,,,100,44710191,NSRD0799 Comp 14 53 Tails,44710990327,NSRD0799,Comp 14, -53um ,R-DTR Tails,,14.01,55.54,7.09,0.331,0.383,1.345,0.102,0.286,3.64,3.124,0.117,0.012,-0.001,-0.001,0.011,0.005,0.08,0.007,0.039,0.026,0.003,0.003,0.006,0.011,0.51,5.66,1.11,7.28
NSRD0799, Comp 16,DTR,Tails,N9774XD21,29-44710192,9.968415576,41.03495605,,0,13.2360057,16.37324121,1.159814872,3.709457583,1.01191178,0.609340799,12.89685643,0,,,0,,,,100,44710192,NSRD0799 Comp 16 53 Tails,44710990031,NSRD0799,Comp 16, -53um ,DTR Tails,0.99,16.08,53.95,6.128,0.293,0.391,1.226,0.098,0.434,3.59,2.338,0.123,0.008,0.001,0.002,0.008,0.005,0.107,0.004,0.033,0.021,0.002,-0.001,0.01,0.012,0.6,6.52,0.99,8.11
NSRD0799, Comp 16,DTR,Tails,N9774XD21,29-44710192,9.968415576,41.03495605,,0,13.2360057,16.37324121,1.159814872,3.709457583,1.01191178,0.609340799,12.89685643,0,,,0,,,,100,44710192,NSRD0799 Comp 16 53 Tails,44710990328,NSRD0799,Comp 16, -53um ,R-DTR Tails,,16.03,53.27,6.184,0.299,0.403,1.213,0.093,0.45,3.67,2.32,0.113,0.009,-0.001,-0.001,0.008,0.004,0.102,0.004,0.026,0.019,0.002,0.001,0.006,0.013,0.54,6.45,1.16,8.15
NSRD0799, Comp 17,DTR,Tails,N9774XD21,30-44710193,8.900223294,39.56164266,,0,19.48978156,12.80125699,0.96678342,4.890561907,1.198262493,0.298867099,11.89262058,0,,,0,,,,100,44710193,NSRD0799 Comp 17 53 Tails,44710990032,NSRD0799,Comp 17, -53um ,DTR Tails,0.8,13.95,55.76,6.917,0.317,0.367,1.448,0.124,0.332,3.37,3.183,0.12,0.008,0.001,-0.001,0.008,0.003,0.112,0.006,0.039,0.019,0.002,-0.001,0.009,0.011,0.54,5.61,1.01,7.16
NSRD0799, Comp 17,DTR,Tails,N9774XD21,30-44710193,8.900223294,39.56164266,,0,19.48978156,12.80125699,0.96678342,4.890561907,1.198262493,0.298867099,11.89262058,0,,,0,,,,100,44710193,NSRD0799 Comp 17 53 Tails,44710990329,NSRD0799,Comp 17, -53um ,R-DTR Tails,,13.87,55.56,7.098,0.321,0.376,1.455,0.122,0.332,3.48,3.238,0.115,0.011,-0.001,-0.001,0.009,0.005,0.12,0.007,0.037,0.021,0.002,0.005,0.006,0.011,0.5,5.47,1.18,7.15
NSRD0800, Comp 4 ,DTR,Tails,N9774XD21,31-44710194,6.297367644,52.8497779,,3.895574154,5.025608933,14.38638945,0.901135404,6.717479799,1.117230118,4.084471212,4.72496538,0,,,0,,,,100,44710194,NSRD0800 Comp 4 53 Tails,44718000037,NSRD0800,Comp 4, -53um ,DTR Tails,1,13.28,61.17,3.177,0.132,0.679,1.882,0.114,0.085,3.23,1.253,0.162,0.007,0.001,0.004,0.009,-0.001,0.03,0.001,0.004,0.005,-0.001,-0.001,0.006,0.008,0.75,6.46,1.44,8.65
NSRD0800, Comp 4 ,DTR,Tails,N9774XD21,31-44710194,6.297367644,52.8497779,,3.895574154,5.025608933,14.38638945,0.901135404,6.717479799,1.117230118,4.084471212,4.72496538,0,,,0,,,,100,44710194,NSRD0800 Comp 4 53 Tails,44718000224,NSRD0800,Comp 4, -53um ,R-'DTR Tails,,13.57,60.72,3.052,0.132,0.692,1.923,0.12,0.074,3.33,1.218,0.125,0.008,-0.001,-0.001,0.008,0.005,0.038,0.002,0.006,0.008,0.001,-0.001,0.003,0.014,0.53,6.56,1.58,8.67
NSRD0800, Comp 5 ,DTR,Tails,N9774XD21,32-44710195,9.625865808,44.54792228,,0,13.70626424,16.09346253,0.880377276,3.458912557,1.142306964,0.985918614,9.558969733,0,,,0,,,,100,44710195,NSRD0800 Comp 5 53 Tails,44718000038,NSRD0800,Comp 5, -53um ,DTR Tails,0.9,14.32,56.61,5.713,0.251,0.531,1.359,0.103,0.482,3.59,2.366,0.128,0.009,0.001,0.005,0.009,-0.001,0.051,0.003,0.014,0.014,0.001,-0.001,0.008,0.008,0.5,6.4,1.11,8.01
NSRD0800, Comp 5 ,DTR,Tails,N9774XD21,32-44710195,9.625865808,44.54792228,,0,13.70626424,16.09346253,0.880377276,3.458912557,1.142306964,0.985918614,9.558969733,0,,,0,,,,100,44710195,NSRD0800 Comp 5 53 Tails,44718000225,NSRD0800,Comp 5, -53um ,R-'DTR Tails,,14.32,56.21,5.558,0.254,0.539,1.441,0.123,0.426,3.65,2.286,0.102,0.01,-0.001,-0.001,0.009,0.006,0.054,0.004,0.017,0.016,0.002,0.004,0.006,0.013,0.44,6.51,1.14,8.09
NSRD0800, Comp 6 ,DTR,Tails,N9774XD21,33-44710196,10.59482286,36.85325598,,0,20.66496528,12.35209337,1.234713936,3.997995213,0.829386489,0.765356758,12.70741011,0,,,0,,,,100,44710196,NSRD0800 Comp 6 53 Tails,44718000039,NSRD0800,Comp 6, -53um ,DTR Tails,0.7,14.4,55.27,7.55,0.336,0.316,1.304,0.109,0.368,3.37,3.386,0.153,0.012,-0.001,0.005,0.01,0.005,0.075,0.007,0.031,0.021,0.002,0.003,0.007,0.014,0.57,5.29,0.97,6.83
NSRD0800, Comp 6 ,DTR,Tails,N9774XD21,33-44710196,10.59482286,36.85325598,,0,20.66496528,12.35209337,1.234713936,3.997995213,0.829386489,0.765356758,12.70741011,0,,,0,,,,100,44710196,NSRD0800 Comp 6 53 Tails,44718000226,NSRD0800,Comp 6, -53um ,R-'DTR Tails,,14.21,55,7.532,0.334,0.306,1.315,0.114,0.36,3.37,3.417,0.113,0.012,-0.001,-0.001,0.009,0.006,0.073,0.007,0.035,0.021,0.002,0.005,0.006,0.01,0.53,5.07,1.08,6.68
NSRD0800, Comp 8 ,DTR,Tails,N9774XD21,34-44710197,11.94484424,38.41270073,,0,16.14969821,14.38439685,0.895027094,3.500797661,0.982584585,0.563471857,13.16647877,0,,,0,,,,100,44710197,NSRD0800 Comp 8 53 Tails,44718000040,NSRD0800,Comp 8, -53um ,DTR Tails,0.7,15.56,53.88,7.064,0.335,0.342,1.152,0.075,0.413,3.66,2.755,0.158,0.012,0.001,0.005,0.009,0.003,0.065,0.008,0.035,0.023,0.003,-0.001,0.008,0.012,0.65,5.88,1.04,7.57
NSRD0800, Comp 8 ,DTR,Tails,N9774XD21,34-44710197,11.94484424,38.41270073,,0,16.14969821,14.38439685,0.895027094,3.500797661,0.982584585,0.563471857,13.16647877,0,,,0,,,,100,44710197,NSRD0800 Comp 8 53 Tails,44718000227,NSRD0800,Comp 8, -53um ,R-'DTR Tails,,15.78,53.2,7.019,0.335,0.345,1.195,0.081,0.429,3.68,2.746,0.106,0.011,-0.001,0.001,0.01,0.005,0.065,0.008,0.036,0.022,0.003,0.004,0.008,0.012,0.54,5.91,1.13,7.58
NSRD0800, Comp 11,DTR,Tails,N9774XD21,35-44710198,7.425132347,49.48052597,,4.058013064,6.203690175,14.31569038,0.718982316,6.459164465,1.229416541,2.193431568,7.91595317,0,,,0,,,,100,44710198,NSRD0800 Comp 11 53 Tails,44718000041,NSRD0800,Comp 11, -53um ,DTR Tails,1,13.55,59.22,4.377,0.193,0.52,1.73,0.09,0.401,3.89,1.487,0.187,0.008,-0.001,0.004,0.008,0.001,0.038,0.002,0.008,0.011,0.001,0.002,0.006,0.009,0.41,6.46,1.39,8.26
NSRD0800, Comp 11,DTR,Tails,N9774XD21,35-44710198,7.425132347,49.48052597,,4.058013064,6.203690175,14.31569038,0.718982316,6.459164465,1.229416541,2.193431568,7.91595317,0,,,0,,,,100,44710198,NSRD0800 Comp 11 53 Tails,44718000228,NSRD0800,Comp 11, -53um ,R-'DTR Tails,,13.41,58.6,4.342,0.19,0.515,1.758,0.109,0.364,3.9,1.494,0.145,0.008,-0.001,-0.001,0.007,0.005,0.038,0.002,0.011,0.012,0.001,0.003,0.003,0.011,0.38,6.41,1.45,8.24
NSRD0800, Comp 15,DTR,Tails,N9774XD21,36-44710199,7.866628068,48.01204234,,3.801598799,6.960284059,16.48818624,0.795219769,7.374630542,1.176465347,1.489483941,6.035460898,0,,,0,,,,100,44710199,NSRD0800 Comp 15 53 Tails,44718000042,NSRD0800,Comp 15, -53um ,DTR Tails,0.9,13.21,58.68,4.206,0.179,0.548,2,0.128,0.24,3.67,1.747,0.201,0.008,0.001,0.005,0.009,0.002,0.035,0.002,0.008,0.011,0.002,-0.001,0.006,0.012,0.6,7.02,1.48,9.1
NSRD0800, Comp 15,DTR,Tails,N9774XD21,36-44710199,7.866628068,48.01204234,,3.801598799,6.960284059,16.48818624,0.795219769,7.374630542,1.176465347,1.489483941,6.035460898,0,,,0,,,,100,44710199,NSRD0800 Comp 15 53 Tails,44718000229,NSRD0800,Comp 15, -53um ,R-'DTR Tails,,13.01,58.74,4.195,0.18,0.539,2.007,0.123,0.219,3.67,1.757,0.164,0.008,-0.001,-0.001,0.008,0.004,0.035,0.002,0.01,0.011,0.001,0.002,0.003,0.012,0.43,6.98,1.59,9
NSRD0801, Comp 3 ,DTR,Tails,N9774XD21,37-44710200,7.422061658,51.30238386,,0,7.104789356,15.43391578,0.850236149,8.047964032,0.703306341,1.700515915,7.434826912,0,,,0,,,,100,44710200,NSRD0801 Comp 3 53 Tails,44711010037,NSRD0801,Comp 3, -53um ,DTR Tails,1,14.03,59.95,3.205,0.126,0.371,2.507,0.149,0.222,2.79,1.129,0.108,0.008,0.002,0.003,0.012,0.002,0.018,0.003,0.007,0.009,0.001,-0.001,0.005,0.013,0.42,6.82,1.79,9.03
NSRD0801, Comp 4 ,DTR,Tails,N9774XD21,38-44710201,5.952563016,54.58711107,,0,4.521044531,17.0814695,1.159358339,7.789743916,0.486235172,1.340795039,7.08167942,0,,,0,,,,100,44710201,NSRD0801 Comp 4 53 Tails,44711010038,NSRD0801,Comp 4, -53um ,DTR Tails,0.9,13.79,59.91,2.612,0.108,0.502,2.823,0.15,0.231,2.71,0.935,0.087,0.007,0.002,0.002,0.01,0.001,0.013,-0.001,0.004,0.006,-0.001,-0.001,0.003,0.011,0.44,7.19,2.18,9.81
NSRD0801, Comp 5 ,DTR,Tails,N9774XD21,39-44710202,7.599931625,48.3282407,,0,4.492293152,18.50841258,1.095422505,6.37923921,0.321414467,1.521569819,11.75347595,0,,,0,,,,100,44710202,NSRD0801 Comp 5 53 Tails,44711010039,NSRD0801,Comp 5, -53um ,DTR Tails,0.9,16.06,57.33,3.26,0.126,0.398,1.928,0.139,0.385,3,1.007,0.101,0.007,0.002,0.004,0.009,-0.001,0.012,0.002,0.012,0.011,-0.001,-0.001,0.003,0.008,0.46,7.28,1.34,9.08
NSRD0801, Comp 6 ,DTR,Tails,N9774XD21,40-44710203,10.16809389,36.75237336,,0,5.342033937,19.77998695,0.826346719,6.091389717,1.024200724,1.038466539,18.97710817,0,,,0,,,,100,44710203,NSRD0801 Comp 6 53 Tails,44711010040,NSRD0801,Comp 6, -53um ,DTR Tails,0.7,18.94,50.7,4.235,0.169,0.414,1.989,0.141,0.531,3.41,1.188,0.146,0.008,0.001,0.003,0.009,0.002,0.016,0.003,0.018,0.013,0.002,-0.001,0.006,0.011,0.62,7.7,1.47,9.79
NSRD0801, Comp 7 ,DTR,Tails,N9774XD21,41-44710204,9.438539115,42.12233233,,0,6.735549821,15.47270194,1.373158795,5.801410386,0,0.674165094,18.38214252,0,,,0,,,,100,44710204,NSRD0801 Comp 7 53 Tails,44711010041,NSRD0801,Comp 7, -53um ,DTR Tails,0.7,17.28,54.44,4.931,0.196,0.321,1.703,0.131,0.773,3.26,1.368,0.141,0.006,0.002,0.002,0.006,0.002,0.01,0.004,0.033,0.02,0.002,-0.001,0.006,0.01,0.6,5.88,1.46,7.94
NSRD0801, Comp 8 ,DTR,Tails,N9774XD21,42-44710205,5.899102397,45.93351339,,0,3.096337404,18.46395734,1.423667644,6.804474818,0.637669954,0.920138098,16.82113896,0,,,0,,,,100,44710205,NSRD0801 Comp 8 53 Tails,44711010042,NSRD0801,Comp 8, -53um ,DTR Tails,0.9,16.19,55.23,3.15,0.124,0.42,2.441,0.144,0.175,3.49,1.024,0.129,0.006,0.002,0.003,0.015,-0.001,0.014,0.001,0.007,0.009,-0.001,-0.001,0.003,0.009,0.66,7.54,1.88,10.08
GVRD0268, Comp 2 ,DTR,Tails,N9774XD21,43-44710206,1.105048,54.77528,,0,0.922362,33.09498,0,0,0,6.901772,0,3.200554,,,0,,,,100,44710206,GVRD0268 Comp 2 53 Tails,,,,,,,,,,,,,,,,,,,,,,,,,,,,,,,,,,
GVRD0268, Comp 3 ,DTR,Tails,N9774XD21,44-44710207,3.992719252,59.79526837,,0,1.348338132,30.55438914,0,0,0.608179719,2.473706212,0,1.22739918,,,0,,,,100,44710207,GVRD0268 Comp 3 53 Tails,,,,,,,,,,,,,,,,,,,,,,,,,,,,,,,,,,
GVRD0268, Comp 4 ,DTR,Tails,N9774XD21,45-44710208,8.109580843,64.31191871,,0,0.859501443,23.20796251,0,0,0,3.007836458,0,0.503200034,,,0,,,,100,44710208,GVRD0268 Comp 4 53 Tails,,,,,,,,,,,,,,,,,,,,,,,,,,,,,,,,,,
GVRD0268, Comp 5 ,DTR,Tails,N9774XD21,46-44710209,10.2985746,53.62614947,,0,0,33.29282104,0.386504634,0,0.864580352,0.954054386,0.577315513,0,,,0,,,,100,44710209,GVRD0268 Comp 5 53 Tails,,,,,,,,,,,,,,,,,,,,,,,,,,,,,,,,,,
GVRD0268, Comp 6 ,DTR,Tails,N9774XD21,47-44710210,2.839277715,61.82963279,,0,0.854721507,22.7511137,0,0,0.773371132,8.833272208,0,2.118610949,,,0,,,,100,44710210,GVRD0268 Comp 6 53 Tails,,,,,,,,,,,,,,,,,,,,,,,,,,,,,,,,,,
GVRD0268, Comp 7 ,DTR,Tails,N9774XD21,48-44710211,2.418552139,62.09908831,,0,0.798244086,20.59435964,0,0,0.849264615,10.51037509,0,2.730116121,,,0,,,,100,44710211,GVRD0268 Comp 7 53 Tails,,,,,,,,,,,,,,,,,,,,,,,,,,,,,,,,,,
GVRD0268, Comp 8 ,DTR,Tails,N9774XD21,49-44710212,2.868669263,63.10448296,,0,0,15.16376655,0,7.132380349,0,9.852054159,0,1.878646722,,,0,,,,100,44710212,GVRD0268 Comp 8 53 Tails,,,,,,,,,,,,,,,,,,,,,,,,,,,,,,,,,,
GVRD0268, Comp 9 ,DTR,Tails,N9774XD21,50-44710213,5.722959133,59.76845375,,0,0.706057907,19.51621414,0,7.082049206,0,6.295895019,0,0.908370841,,,0,,,,100,44710213,GVRD0268 Comp 9 53 Tails,,,,,,,,,,,,,,,,,,,,,,,,,,,,,,,,,,
NSRD0798,Comp 3,DTR,Cons,N9741XD21,1-074,0.29894004,6.090189281,,,0,2.943271272,,0,88.85132379,,1.81627562,,0,0,,,,,100,74,NSRD0798 Comp 3 53 Cons,44710980001,NSRD0798,Comp 3, -53um ,DTR Cons,85.8,65.71,7.347,0.218,0.029,0.08,0.107,0.026,0.007,0.334,0.059,0.004,0.002,-0.001,0.002,0.003,0.001,0.002,0.004,0.019,0.008,0.001,0.001,0.001,0.003,-0.25,-0.61,-1.44,-2.3
NSRD0798,Comp 4,DTR,Cons,N9741XD21,2-075,0,7.184197521,,,0,1.781764802,,0,89.24483513,,1.789202546,,0,0,,,,,100,75,NSRD0798 Comp 4 53 Cons,44710980002,NSRD0798,Comp 4, -53um ,DTR Cons,84,64.55,8.898,0.301,0.036,0.088,0.134,0.026,0.01,0.358,0.117,0.016,0.003,-0.001,0.003,0.004,0.003,0.006,0.004,0.021,0.009,0.002,-0.001,0.001,0.004,-0.29,-0.67,-1.37,-2.33
NSRD0798,Comp 5,DTR,Cons,N9741XD21,3-076,0,9.68273226,,,0,2.122590608,,1.110570142,85.47136338,,1.276396192,,0,0.336347416,,,,,100,76,NSRD0798 Comp 5 53 Cons,44710980003,NSRD0798,Comp 5, -53um ,DTR Cons,80,62.56,10.82,0.393,0.036,0.092,0.27,0.029,0.011,0.362,0.272,0.014,0.003,-0.001,0.002,0.004,-0.001,0.006,0.006,0.031,0.009,0.002,0.001,0.001,0.003,-0.32,-0.55,-1.2,-2.07
NSRD0798,Comp 6,DTR,Cons,N9741XD21,4-077,0,5.995641347,,,0,2.686606541,,0.20749279,89.06530364,,2.044955686,,0,0,,,,,100,77,NSRD0798 Comp 6 53 Cons,44710980004,NSRD0798,Comp 6, -53um ,DTR Cons,83.2,65.18,7.832,0.308,0.037,0.07,0.208,0.019,0.012,0.357,0.115,0.009,0.003,-0.001,0.004,0.003,0.004,0.005,0.006,0.034,0.01,0.002,-0.001,0.002,0.005,-0.32,-0.68,-1.18,-2.18
NSRD0798,Comp 7,DTR,Cons,N9741XD21,5-078,0.65913187,8.385659202,,,0,3.641823176,,0,82.4681306,,3.934578967,,0.910676187,0,,,,,100,78,NSRD0798 Comp 7 53 Cons,44710980005,NSRD0798,Comp 7, -53um ,DTR Cons,78.3,62.3,10.69,0.454,0.049,0.087,0.172,0.019,0.021,0.515,0.116,0.026,0.003,-0.001,0.003,0.004,0.003,0.006,0.008,0.043,0.009,0.002,0.001,0.002,0.006,-0.14,0.03,-1.26,-1.37
NSRD0798,Comp 8,DTR,Cons,N9741XD21,6-079,0,7.325883624,,,0,3.398993971,,0,84.06803281,,4.837772604,,0.369316997,0,,,,,100,79,NSRD0798 Comp 8 53 Cons,44710980006,NSRD0798,Comp 8, -53um ,DTR Cons,80.4,62.77,10.19,0.438,0.041,0.091,0.136,0.021,0.017,0.494,0.122,0.03,0.003,-0.001,0.004,0.003,0.003,0.004,0.007,0.037,0.008,0.002,-0.001,0.001,0.004,-0.15,0,-1.34,-1.49
NSRD0798,Comp 9,DTR,Cons,N9741XD21,7-080,0.461466284,5.616173939,,,0,3.79522052,,0,85.55754592,,4.569593337,,0,0,,,,,100,80,NSRD0798 Comp 9 53 Cons,44710980007,NSRD0798,Comp 9, -53um ,DTR Cons,80.7,64.15,8.496,0.46,0.05,0.077,0.171,0.019,0.018,0.45,0.117,0.035,0.003,-0.001,0.003,0.004,0.002,0.003,0.01,0.068,0.009,0.002,-0.001,0.002,0.004,-0.14,-0.23,-1.22,-1.59
NSRD0798,Comp 10,DTR,Cons,N9741XD21,8-081,0.532402172,4.507593286,,,0,2.725028369,,0,89.54350965,,2.691466521,,0,0,,,,,100,81,NSRD0798 Comp 10 53 Cons,44710980008,NSRD0798,Comp 10, -53um ,DTR Cons,83.4,65.96,6.57,0.373,0.04,0.06,0.168,0.018,0.014,0.339,0.086,0.022,0.003,-0.001,0.003,0.004,0.003,0.004,0.009,0.044,0.009,0.002,0.001,0.001,0.004,-0.26,-0.71,-1.14,-2.11
NSRD0798,Comp 3,DTR,Tails,N9741XD21,9-082,3.917614788,46.48521563,,,0,22.97607861,,2.591373762,3.477929,,20.55178821,,0,0,,,,,100,82,NSRD0798 Comp 3 53 Tails,44710980025,NSRD0798,Comp 3, -53um ,DTR Tails,2.6,17.16,56.43,1.943,0.08,0.875,1.066,0.16,0.062,3.49,0.484,0.104,0.005,0.001,0.003,0.004,-0.001,0.013,-0.001,-0.001,0.005,0.001,-0.001,0.004,0.011,0.84,8.85,0.44,10.13
NSRD0798,Comp 4,DTR,Tails,N9741XD21,10-083,4.569915553,50.87305752,,,0,16.2231825,,7.327484232,1.213476787,,18.5129151,,0,1.279968307,,,,,100,83,NSRD0798 Comp 4 53 Tails,44710980026,NSRD0798,Comp 4, -53um ,DTR Tails,1.2,14.14,59.17,2.251,0.093,0.929,2.39,0.157,0.155,3.47,0.775,0.106,0.006,0.001,0.002,0.005,0.001,0.017,-0.001,0.001,0.005,0.001,-0.001,0.004,0.012,0.6,7.04,1.89,9.53
NSRD0798,Comp 5,DTR,Tails,N9741XD21,11-084,1.341437439,51.0301441,,,6.914125648,12.55036107,,11.30766866,1.470250165,,13.79881834,,0,1.587194571,,,,,100,84,NSRD0798 Comp 5 53 Tails,44710980027,NSRD0798,Comp 5, -53um ,DTR Tails,1.2,10.94,61.16,2.814,0.118,0.79,3.529,0.217,0.135,3.33,1.776,0.092,0.006,0.001,0.002,0.007,0.001,0.024,-0.001,0.002,0.004,0.001,-0.001,0.004,0.014,0.44,5.92,3.08,9.44
NSRD0798,Comp 6,DTR,Tails,N9741XD21,12-085,3.990729474,48.97374314,,,0,14.04646253,,9.229398998,1.080392134,,21.50203172,,0,1.177242004,,,,,100,85,NSRD0798 Comp 6 53 Tails,44710980028,NSRD0798,Comp 6, -53um ,DTR Tails,1,14.9,58.49,2.242,0.094,0.531,3.042,0.15,0.178,3.13,0.698,0.108,0.005,0.001,0.002,0.004,0.001,0.013,-0.001,0.002,0.005,0.001,-0.001,0.004,0.011,0.72,6.38,2.47,9.57
NSRD0798,Comp 7,DTR,Tails,N9741XD21,13-086,4.321698207,40.15318532,,,0,21.25682423,,5.00946371,0.886754591,,28.37207394,,0,0,,,,,100,86,NSRD0798 Comp 7 53 Tails,44710980029,NSRD0798,Comp 7, -53um ,DTR Tails,1.2,20.11,52.05,2.373,0.102,0.513,1.479,0.118,0.144,2.96,0.579,0.14,0.005,0.001,0.003,0.003,0.001,0.01,-0.001,0.002,0.006,0.001,-0.001,0.004,0.01,1.39,8.07,0.89,10.35
NSRD0798,Comp 8,DTR,Tails,N9741XD21,14-087,3.950704125,39.56900016,,,0,22.24592683,,2.962142126,0.807104745,,30.46512202,,0,0,,,,,100,87,NSRD0798 Comp 8 53 Tails,44710980030,NSRD0798,Comp 8, -53um ,DTR Tails,1.1,20.43,51.88,2.443,0.097,0.532,1.155,0.149,0.108,2.96,0.633,0.151,0.005,0.002,0.002,0.002,-0.001,0.007,-0.001,0.002,0.005,-0.001,-0.001,0.002,0.005,1.47,8.07,0.47,10.01
NSRD0798,Comp 9,DTR,Tails,N9741XD21,15-088,5.081347103,33.34557684,,,0,21.22685538,,5.529071009,0.602907669,,34.214242,,0,0,,,,,100,88,NSRD0798 Comp 9 53 Tails,44710980031,NSRD0798,Comp 9, -53um ,DTR Tails,1,22.3,47.48,3.091,0.135,0.445,1.704,0.137,0.251,3.02,0.747,0.16,0.006,0.002,0.003,0.004,-0.001,0.012,0.001,0.007,0.009,0.001,-0.001,0.004,0.01,1.16,8.04,1.03,10.23
NSRD0798,Comp 10,DTR,Tails,N9741XD21,16-089,5.960427845,40.88994742,,,0,14.15402922,,7.841316507,0.6653427,,30.48893631,,0,0,,,,,100,89,NSRD0798 Comp 10 53 Tails,44710980032,NSRD0798,Comp 10, -53um ,DTR Tails,1,18.6,53.1,3.052,0.132,0.451,2.662,0.147,0.186,2.97,0.716,0.152,0.006,0.001,0.001,0.004,-0.001,0.008,-0.001,0.006,0.008,0.001,-0.001,0.004,0.011,1.08,6.13,2,9.21
NSRD0800,Comp 4,DTR,Feed,N9646XD21,1-0055,4.495556084,38.13728005,,,3.285466479,10.26441919,0.332441918,5.099233902,30.84550458,3.402070983,3.562669227,,0,0.575357593,,,,,100,55,NSRD0800 Comp 4 53 Feed,44718000001,NSRD0800,Comp 4, -53um ,DTR Feed,30.5,32.14,41.47,2.146,0.093,0.474,1.284,0.079,0.042,2.24,0.891,0.106,0.005,-0.001,0.003,0.004,0.001,0.02,0.002,0.016,0.007,0.001,-0.001,0.004,0.013,0.34,4,0.45,4.79
NSRD0800,Comp 4,DTR,Feed,N9646XD21,1-0055,4.495556084,38.13728005,,,3.285466479,10.26441919,0.332441918,5.099233902,30.84550458,3.402070983,3.562669227,,0,0.575357593,,,,,100,55,NSRD0800 Comp 4 53 Feed,44718000212,NSRD0800,Comp 4, -53um ,R-'DTR Feed,,32.13,41.5,2.081,0.094,0.476,1.297,0.083,0.046,2.26,0.862,0.083,0.005,-0.001,-0.001,0.004,0.004,0.026,0.003,0.018,0.008,0.001,0.001,0.004,0.008,0.21,4.12,0.54,4.87
NSRD0800,Comp 5,DTR,Feed,N9646XD21,2-0056,9.472209669,33.83789619,,,6.332254802,12.03091354,0.660501649,3.90779305,23.3885838,0.77738768,8.339197482,,0.460067125,0.793195016,,,,,100,56,NSRD0800 Comp 5 53 Feed,44718000002,NSRD0800,Comp 5, -53um ,DTR Feed,23.2,28.11,43.3,4.284,0.194,0.415,1.05,0.079,0.37,2.77,1.812,0.095,0.007,0.001,0.004,0.004,-0.001,0.039,0.006,0.035,0.013,0.001,-0.001,0.005,0.012,0.28,4.59,0.47,5.34
NSRD0800,Comp 5,DTR,Feed,N9646XD21,2-0056,9.472209669,33.83789619,,,6.332254802,12.03091354,0.660501649,3.90779305,23.3885838,0.77738768,8.339197482,,0.460067125,0.793195016,,,,,100,56,NSRD0800 Comp 5 53 Feed,44718000213,NSRD0800,Comp 5, -53um ,R-'DTR Feed,,28.12,43.04,4.24,0.197,0.417,1.1,0.094,0.326,2.81,1.758,0.065,0.008,-0.001,-0.001,0.005,0.006,0.041,0.007,0.039,0.017,0.001,0.003,0.006,0.01,0.23,4.71,0.44,5.38
NSRD0800,Comp 6,DTR,Feed,N9646XD21,3-0057,13.52774024,30.12377523,,,16.61637998,10.42073073,1.054422816,3.811768655,13.74278117,0,10.70240117,,0,0,,,,,100,57,NSRD0800 Comp 6 53 Feed,44718000003,NSRD0800,Comp 6, -53um ,DTR Feed,14.9,22.86,47.12,6.44,0.289,0.272,1.132,0.094,0.308,2.92,2.882,0.108,0.01,-0.001,0.005,0.006,0.004,0.063,0.008,0.051,0.019,0.002,0.001,0.007,0.012,0.4,4.37,0.63,5.4
NSRD0800,Comp 6,DTR,Feed,N9646XD21,3-0057,13.52774024,30.12377523,,,16.61637998,10.42073073,1.054422816,3.811768655,13.74278117,0,10.70240117,,0,0,,,,,100,57,NSRD0800 Comp 6 53 Feed,44718000214,NSRD0800,Comp 6, -53um ,R-'DTR Feed,,22.51,47.31,6.484,0.295,0.267,1.15,0.097,0.307,2.94,2.944,0.096,0.011,0.001,-0.001,0.006,0.005,0.064,0.008,0.053,0.019,0.002,0.002,0.007,0.013,0.4,4.28,0.69,5.37
NSRD0800,Comp 8,DTR,Feed,N9646XD21,4-0058,14.92772145,30.91532331,,,12.63506292,12.6581681,0.943957337,3.494451906,10.56105607,0.620681811,11.69985999,,0.479478704,1.064238396,,,,,100,58,NSRD0800 Comp 8 53 Feed,44718000004,NSRD0800,Comp 8, -53um ,DTR Feed,11.8,22.08,47.43,6.301,0.303,0.309,1.035,0.065,0.37,3.28,2.455,0.122,0.011,0.001,0.005,0.006,0.002,0.06,0.009,0.062,0.021,0.002,-0.001,0.007,0.009,0.53,5.16,0.73,6.42
NSRD0800,Comp 8,DTR,Feed,N9646XD21,4-0058,14.92772145,30.91532331,,,12.63506292,12.6581681,0.943957337,3.494451906,10.56105607,0.620681811,11.69985999,,0.479478704,1.064238396,,,,,100,58,NSRD0800 Comp 8 53 Feed,44718000215,NSRD0800,Comp 8, -53um ,R-'DTR Feed,,22.41,46.62,6.173,0.3,0.306,1.066,0.069,0.377,3.26,2.429,0.087,0.01,0.001,-0.001,0.006,0.004,0.06,0.01,0.07,0.028,0.002,0.002,0.007,0.011,0.44,5.06,0.83,6.33
NSRD0800,Comp 11,DTR,Feed,N9646XD21,5-0059,7.666150774,36.33779748,,,4.551642032,10.73296607,0.446781358,5.626727472,26.26392438,1.468429918,5.917333804,,0.380211599,0.608035118,,,,,100,59,NSRD0800 Comp 11 53 Feed,44718000005,NSRD0800,Comp 11, -53um ,DTR Feed,26.6,29.5,43.02,3.231,0.147,0.381,1.255,0.066,0.293,2.84,1.13,0.126,0.006,-0.001,0.004,0.004,0.003,0.03,0.004,0.026,0.011,0.001,-0.001,0.005,0.01,0.15,4.38,0.56,5.09
NSRD0800,Comp 11,DTR,Feed,N9646XD21,5-0059,7.666150774,36.33779748,,,4.551642032,10.73296607,0.446781358,5.626727472,26.26392438,1.468429918,5.917333804,,0.380211599,0.608035118,,,,,100,59,NSRD0800 Comp 11 53 Feed,44718000216,NSRD0800,Comp 11, -53um ,R-'DTR Feed,,29.01,42.89,3.192,0.146,0.383,1.284,0.082,0.261,2.88,1.135,0.103,0.006,-0.001,-0.001,0.003,0.004,0.03,0.004,0.029,0.013,0.001,-0.001,0.004,0.008,0.14,4.3,0.6,5.04
NSRD0800,Comp 15,DTR,Feed,N9646XD21,6-0060,5.855845022,33.85871912,,,5.468423276,11.61695428,0.598335852,5.095638455,29.38818139,1.504467685,5.886097431,,0,0.727337498,,,,,100,60,NSRD0800 Comp 15 53 Feed,44718000006,NSRD0800,Comp 15, -53um ,DTR Feed,29.3,31.11,40.52,2.98,0.134,0.384,1.389,0.087,0.169,2.56,1.294,0.128,0.006,-0.001,0.003,0.004,0.004,0.024,0.004,0.027,0.012,0.001,-0.001,0.004,0.016,0.37,4.39,0.48,5.24
NSRD0800,Comp 15,DTR,Feed,N9646XD21,6-0060,5.855845022,33.85871912,,,5.468423276,11.61695428,0.598335852,5.095638455,29.38818139,1.504467685,5.886097431,,0,0.727337498,,,,,100,60,NSRD0800 Comp 15 53 Feed,44718000217,NSRD0800,Comp 15, -53um ,R-'DTR Feed,,30.89,40.83,2.995,0.134,0.378,1.391,0.084,0.154,2.56,1.305,0.114,0.006,-0.001,-0.001,0.004,0.004,0.026,0.004,0.032,0.015,0.001,-0.001,0.004,0.008,0.17,4.44,0.64,5.25
NSRD0801,Comp 3,DTR,Feed,N9606XD21,7-0040,4.002792003,39.51518041,,,3.018381058,11.81796392,0.309042909,5.658335221,27.43337859,2.979219027,4.929904977,0,0,0.335801882,,,,,100,40,NSRD0801 Comp 3 53 Feed,44711010001,NSRD0801,Comp 3, -53um ,DTR Feed,26,30.81,42.32,2.305,0.096,0.267,1.828,0.108,0.156,2.04,0.846,0.072,0.002,0.001,0.003,0.001,-0.001,0.007,0.004,0.019,0.006,-0.001,-0.001,0.003,0.008,0.26,4.52,0.86,5.64
NSRD0801,Comp 4,DTR,Feed,N9606XD21,8-0041,4.369439421,37.79872383,,,1.895159037,12.01050408,0.485157937,7.481074871,28.33365667,1.201494655,5.881520435,0,0,0.543269067,,,,,100,41,NSRD0801 Comp 4 53 Feed,44711010002,NSRD0801,Comp 4, -53um ,DTR Feed,28.4,31.65,41.29,1.869,0.082,0.355,1.988,0.106,0.163,1.92,0.698,0.059,0.001,0.001,0.001,-0.001,-0.001,0.004,0.002,0.016,0.006,-0.001,-0.001,0.002,0.008,0.26,4.68,0.99,5.93
NSRD0801,Comp 5,DTR,Feed,N9606XD21,9-0042,4.867792736,38.64127411,,,0.922385763,14.42587843,0.861508633,5.197083123,22.6135314,1.463531794,9.717523251,0,0.399165839,0.890324924,,,,,100,42,NSRD0801 Comp 5 53 Feed,44711010003,NSRD0801,Comp 5, -53um ,DTR Feed,22.3,29.17,43.79,2.501,0.103,0.305,1.494,0.106,0.291,2.32,0.805,0.079,0.002,0.001,0.002,0.001,-0.001,0.011,0.002,0.021,0.007,-0.001,-0.001,0.003,0.008,0.28,5.27,0.66,6.21
NSRD0801,Comp 6,DTR,Feed,N9606XD21,10-0043,8.724823627,33.0463315,,,3.992578919,17.27006032,1.539200656,5.777407815,12.18735219,0,16.10992341,0,0.89647138,0.455850175,,,,,100,43,NSRD0801 Comp 6 53 Feed,44711010004,NSRD0801,Comp 6, -53um ,DTR Feed,12.4,25.38,44.2,3.758,0.149,0.368,1.798,0.124,0.474,3.06,1.079,0.098,0.003,0.001,0.001,0.001,-0.001,0.013,0.003,0.03,0.012,-0.001,-0.001,0.004,0.009,0.5,6.78,1.1,8.38
NSRD0801,Comp 7,DTR,Feed,N9606XD21,11-0044,10.11415888,36.57327077,,,5.437644568,13.42002912,1.210369974,5.196776081,10.92732879,0,15.5178849,0,1.30060596,0.301930952,,,,,100,44,NSRD0801 Comp 7 53 Feed,44711010005,NSRD0801,Comp 7, -53um ,DTR Feed,11.6,23.43,48.14,4.382,0.177,0.289,1.538,0.118,0.703,2.96,1.248,0.1,0.003,0.001,0.004,0.001,0.001,0.012,0.004,0.036,0.013,0.001,-0.001,0.005,0.009,0.44,5.23,1.16,6.83
NSRD0801,Comp 8,DTR,Feed,N9606XD21,12-0045,4.969568743,34.34164339,,,2.028616628,13.67070128,0.489342201,5.071193347,25.06350821,0,13.48576708,0,0.395125205,0.484533925,,,,,100,45,NSRD0801 Comp 8 53 Feed,44711010006,NSRD0801,Comp 8, -53um ,DTR Feed,24.6,30.42,40.93,2.383,0.097,0.322,1.877,0.109,0.128,2.69,0.811,0.088,0.002,-0.001,0.003,-0.001,0.002,0.008,0.003,0.021,0.011,-0.001,-0.001,0.004,0.01,0.38,5.36,0.99,6.73
GVRD0268,Comp 2,DTR,Feed,N9606XD21,13-0046,0.792037549,41.68101762,,,0,21.13397451,0,0,30.05425561,5.771883428,0,0.566831287,0,0,,,,,100,46,GVRD0268 Comp 2 53 Feed,,,,,,,,,,,,,,,,,,,,,,,,,,,,,,,,,,
GVRD0268,Comp 3,DTR,Feed,N9606XD21,14-0047,2.693248619,41.32914374,,,0,22.13468474,0,0,31.6084102,1.461720152,0,0.252470644,0.520321909,0,,,,,100,47,GVRD0268 Comp 3 53 Feed,,,,,,,,,,,,,,,,,,,,,,,,,,,,,,,,,,
GVRD0268,Comp 4,DTR,Feed,N9606XD21,15-0048,5.115085373,40.00088847,,,0,14.98801141,0,0,37.48370453,1.96206175,0,0,0.450248461,0,,,,,100,48,GVRD0268 Comp 4 53 Feed,,,,,,,,,,,,,,,,,,,,,,,,,,,,,,,,,,
GVRD0268,Comp 5,DTR,Feed,N9606XD21,16-0049,8.013074897,40.58117626,,,0,25.06141973,0,0,25.8391168,0,0.50521231,0,0,0,,,,,100,49,GVRD0268 Comp 5 53 Feed,,,,,,,,,,,,,,,,,,,,,,,,,,,,,,,,,,
GVRD0268,Comp 6,DTR,Feed,N9606XD21,17-0050,2.126643302,39.97737571,,,0,16.17359706,0,0,34.58497725,5.759725134,0,0.586408483,0.549752467,0.241520602,,,,,100,50,GVRD0268 Comp 6 53 Feed,,,,,,,,,,,,,,,,,,,,,,,,,,,,,,,,,,
GVRD0268,Comp 7,DTR,Feed,N9606XD21,18-0051,1.277883471,39.30122445,,,0,13.44994693,0,0,37.96930099,7.434185672,0,0.409088218,0,0.158370265,,,,,100,51,GVRD0268 Comp 7 53 Feed,,,,,,,,,,,,,,,,,,,,,,,,,,,,,,,,,,
GVRD0268,Comp 8,DTR,Feed,N9606XD21,19-0052,1.696960249,38.17968783,,,0,9.47939317,0,5.269693333,38.73982022,6.242543348,0,0.210358731,0,0.181543116,,,,,100,52,GVRD0268 Comp 8 53 Feed,,,,,,,,,,,,,,,,,,,,,,,,,,,,,,,,,,
GVRD0268,Comp 9,DTR,Feed,N9606XD21,20-0053,3.839467,37.7708709,,,0,13.44384025,0,5.82631847,35.03221751,4.012538138,0,0.074747723,0,0,,,,,100,53,GVRD0268 Comp 9 53 Feed,,,,,,,,,,,,,,,,,,,,,,,,,,,,,,,,,,
NSRD0797,Comp 3,DTR,Feed,N9519XD21,2-710017 ,8.450291458,33.13708344,0,0,0,18.71488536,0.520048509,1.925624794,28.45586127,0.963092001,7.833113169,,,,,,,,100,710017,NSRD0797 Comp 3 53 Feed,44710970001,NSRD0797,Comp 3, -53um ,DTR Feed,29.4,33.34,37.87,2.027,0.091,0.493,0.792,0.093,0.096,3.26,0.186,0.055,0.004,0.001,0.004,0.003,0.002,0.01,0.002,0.012,0.006,0.001,-0.001,0.005,0.009,0.64,6.57,-0.17,7.04
NSRD0797,Comp 4,DTR,Feed,N9519XD21,4-710018 ,2.899365112,35.09941296,0,0,1.150150499,13.0713445,0,4.680338728,33.91985165,1.218339035,7.961197513,,,,,,,,100,710018,NSRD0797 Comp 4 53 Feed,44710970002,NSRD0797,Comp 4, -53um ,DTR Feed,36.4,34.11,38.99,1.061,0.048,0.619,1.389,0.091,0.022,2.65,0.283,0.055,0.002,-0.001,0.004,0.002,-0.001,0.005,-0.001,0.006,0.002,-0.001,-0.001,0.003,0.008,0.32,4.51,0.55,5.38
NSRD0797,Comp 8,DTR,Feed,N9519XD21,10-710019 ,4.191271423,33.95259334,0,0,0,13.88881776,0.445173694,2.945795516,35.43675765,1.256503328,7.883087295,,,,,,,,100,710019,NSRD0797 Comp 8 53 Feed,44710970003,NSRD0797,Comp 8, -53um ,DTR Feed,36.1,35.24,38.04,1.361,0.059,0.558,0.996,0.098,0.045,2.72,0.284,0.066,0.003,-0.001,0.004,0.003,0.002,0.012,0.002,0.008,0.003,-0.001,-0.001,0.004,0.008,0.36,4.66,0.03,5.05
NSRD0797,Comp 9,DTR,Feed,N9519XD21,12-710020 ,3.137424754,32.14872553,0,0,2.000500078,10.9789249,0.995823875,3.670110947,38.99426718,1.507102728,6.567120018,,,,,,,,100,710020,NSRD0797 Comp 9 53 Feed,44710970004,NSRD0797,Comp 9, -53um ,DTR Feed,40.5,36.67,36.65,1.25,0.057,0.583,1.286,0.121,0.028,2.54,0.429,0.047,0.003,-0.001,0.006,0.003,0.003,0.013,0.002,0.008,0.004,-0.001,-0.001,0.005,0.009,0.22,3.81,0.28,4.31
NSRD0797,Comp 13,DTR,Feed,N9519XD21,18-710021 ,0.388344889,33.63274378,0,0,4.375479232,8.874151509,0.34503112,4.399130218,40.69237234,1.875909829,5.416837087,,,,,,,,100,710021,NSRD0797 Comp 13 53 Feed,44710970005,NSRD0797,Comp 13, -53um ,DTR Feed,41.7,35.93,37.87,1.063,0.047,0.602,1.581,0.086,0.023,2.23,0.719,0.047,0.002,-0.001,0.004,0.003,0.003,0.015,0.001,0.007,0.002,-0.001,-0.001,0.004,0.012,0.08,2.93,0.71,3.72
NSRD0797,Comp 14,DTR,Feed,N9519XD21,20-710022 ,5.477984471,32.45498657,0,0,0,15.54900069,0.808099958,1.987070875,26.00326165,1.485216562,16.23437922,,,,,,,,100,710022,NSRD0797 Comp 14 53 Feed,44710970006,NSRD0797,Comp 14, -53um ,DTR Feed,26.9,31.38,40.63,2.202,0.102,0.528,1.02,0.164,0.124,3.15,0.564,0.104,0.004,0.001,0.004,0.004,0.002,0.019,0.003,0.014,0.006,0.001,0.002,0.004,0.015,0.73,5.18,0.05,5.96
NSRD0798,Comp 3,DTR,Feed,N9519XD21,1-710001 ,2.569533364,32.30403141,0,0,0,17.03029203,0,1.199429111,33.81331881,1.293608249,11.78978703,,,,,,,,100,710001,NSRD0798 Comp 3 53 Feed,44710980258,NSRD0798,Comp 3, -53um ,DTR Feed,34.79,36.06,37.2,1.268,0.058,0.585,0.698,0.108,0.042,2.35,0.364,0.059,0.003,0.001,0.004,0.002,0.003,0.008,0.002,0.007,0.005,0.001,-0.001,0.003,0.006,0.57,5.07,-0.24,5.4
NSRD0798,Comp 4,DTR,Feed,N9519XD21,3-710002 ,2.536038153,30.92157257,0,0,2.224681916,11.04438812,0,5.094416818,36.11993291,1.356541333,10.70242818,,,,,,,,100,710002,NSRD0798 Comp 4 53 Feed,44710980259,NSRD0798,Comp 4, -53um ,DTR Feed,38.2,36,37.23,1.393,0.069,0.578,1.472,0.1,0.092,2.2,0.532,0.053,0.003,0.001,0.003,0.002,0.002,0.009,0.002,0.009,0.006,-0.001,-0.001,0.003,0.005,0.3,3.6,0.58,4.48
NSRD0798,Comp 5,DTR,Feed,N9519XD21,6-710003 ,0.805722577,31.66007934,0,0,6.509743539,8.887137319,0,7.55362544,35.66159566,1.568985675,7.35311045,,,,,,,,100,710003,NSRD0798 Comp 5 53 Feed,44710980260,NSRD0798,Comp 5, -53um ,DTR Feed,34.96,34.34,38.55,1.704,0.079,0.494,2.117,0.135,0.082,2.07,1.134,0.049,0.004,0.001,0.002,0.004,0.004,0.019,0.002,0.013,0.007,-0.001,0.001,0.003,0.008,0.14,2.89,1.26,4.29
NSRD0798,Comp 6,DTR,Feed,N9519XD21,8-710004 ,2.61470829,34.04722614,0,0,0,11.19156029,0.685635658,7.796140354,28.69160954,1.357299646,13.61582008,,,,,,,,100,710004,NSRD0798 Comp 6 53 Feed,44710980261,NSRD0798,Comp 6, -53um ,DTR Feed,28.7,31.76,41.21,1.592,0.09,0.39,2.163,0.108,0.126,2.31,0.551,0.072,0.004,0.002,0.002,0.002,0.002,0.012,0.003,0.013,0.007,0.001,0.001,0.003,0.008,0.54,3.77,1.43,5.74
NSRD0798,Comp 7,DTR,Feed,N9519XD21,9-710005 ,3.318281438,30.67372924,0,0,0,18.13038286,0.827408072,3.393229128,21.28409101,1.335201511,21.03767674,,,,,,,,100,710005,NSRD0798 Comp 7 53 Feed,44710980262,NSRD0798,Comp 7, -53um ,DTR Feed,22.7,31.9,40.5,1.817,0.087,0.4,1.149,0.088,0.113,2.34,0.506,0.1,0.004,0.002,0.003,0.002,0.001,0.01,0.002,0.013,0.006,0.001,-0.001,0.003,0.006,1.51,5.23,0.38,7.12
NSRD0798,Comp 8,DTR,Feed,N9519XD21,11-710006 ,2.962984864,28.70453199,0,0,0,18.09932484,2.174345254,2.367808238,22.46331818,1.397362563,21.83032407,,,,,,,,100,710006,NSRD0798 Comp 8 53 Feed,44710980263,NSRD0798,Comp 8, -53um ,DTR Feed,24.68,32.98,39.59,1.844,0.086,0.415,0.887,0.111,0.082,2.33,0.541,0.106,0.004,0.002,0.003,0.002,0.001,0.01,0.002,0.012,0.007,0.001,0.002,0.002,0.008,1.54,5.12,0.08,6.74
NSRD0798,Comp 9,DTR,Feed,N9519XD21,13-710007 ,4.046204468,25.86152603,0,1.64534611,0,18.74178007,3.014866981,3.703864358,14.81496043,1.428836892,26.74261466,,,,,,,,100,710007,NSRD0798 Comp 9 53 Feed,44710980264,NSRD0798,Comp 9, -53um ,DTR Feed,16,30.33,40.19,2.566,0.117,0.383,1.457,0.114,0.212,2.61,0.687,0.123,0.005,0.002,0.002,0.004,0.003,0.012,0.004,0.018,0.009,0.001,0.001,0.003,0.008,1.71,5.62,0.73,8.06
NSRD0798,Comp 10,DTR,Feed,N9519XD21,15-710008 ,4.43479405,28.68516418,0,0,0,11.77259351,0.942693242,7.163075652,23.818997,1.190001746,21.99268062,,,,,,,,100,710008,NSRD0798 Comp 10 53 Feed,44710980265,NSRD0798,Comp 10, -53um ,DTR Feed,24.85,32.25,39.49,2.275,0.106,0.347,2.004,0.11,0.144,2.28,0.58,0.102,0.005,0.002,0.002,0.002,0.001,0.009,0.003,0.016,0.008,0.001,0.001,0.003,0.007,1.02,3.82,1.19,6.03
NSRD0799, Comp 5 ,DTR,Feed,N9519XD21,5-710009 ,4.730855579,37.42355692,0,1.970962239,8.952523404,9.109439993,0,1.996050012,21.41070306,11.61605612,2.78985267,,,,,,,,100,710009,NSRD0799 Comp 5 53 Feed,44710990281,NSRD0799,Comp 5, -53um ,DTR Feed,19.05,30.51,42.97,3.606,0.166,0.421,0.902,0.12,0.094,1.89,1.532,0.225,0.006,0.002,0.002,0.004,0.003,0.037,0.004,0.036,0.013,0.002,-0.001,0.006,0.012,0.98,3,0.21,4.19
NSRD0799, Comp 5 ,DTR,Feed,N9519XD21,5-710009 ,4.730855579,37.42355692,0,1.970962239,8.952523404,9.109439993,0,1.996050012,21.41070306,11.61605612,2.78985267,,,,,,,,100,710009,NSRD0799 Comp 5 53 Feed,44710990306,NSRD0799,Comp 5, -53um ,R-DTR Feed,,31.34,41.61,3.485,0.161,0.429,0.863,0.114,0.09,1.85,1.484,0.202,0.006,0.001,-0.001,0.004,0.003,0.036,0.005,0.038,0.013,0.001,-0.001,0.006,0.009,0.87,3.13,0.23,4.23
NSRD0799, Comp 6 ,DTR,Feed,N9519XD21,7-710010 ,3.947913994,33.49906596,0,2.289853377,7.479863008,11.1962872,0.257842026,4.923352485,27.97223143,4.315233944,4.118356581,,,,,,,,100,710010,NSRD0799 Comp 6 53 Feed,44710990282,NSRD0799,Comp 6, -53um ,DTR Feed,29.05,30.96,41.27,2.748,0.123,0.436,1.537,0.116,0.064,2.39,1.331,0.238,0.004,0.002,0.003,0.002,0.001,0.03,0.003,0.027,0.01,0.002,0.002,0.003,0.012,0.27,4.01,0.8,5.08
NSRD0799, Comp 6 ,DTR,Feed,N9519XD21,7-710010 ,3.947913994,33.49906596,0,2.289853377,7.479863008,11.1962872,0.257842026,4.923352485,27.97223143,4.315233944,4.118356581,,,,,,,,100,710010,NSRD0799 Comp 6 53 Feed,44710990307,NSRD0799,Comp 6, -53um ,R-DTR Feed,,31.25,40.85,2.705,0.121,0.438,1.52,0.117,0.062,2.39,1.308,0.228,0.004,-0.001,-0.001,0.003,0.004,0.03,0.004,0.028,0.009,0.001,-0.001,0.004,0.011,0.12,4.16,0.74,5.02
NSRD0799, Comp 10,DTR,Feed,N9519XD21,14-710011 ,5.205887807,34.8313025,0,1.13228459,4.503216561,12.44399399,0.332838552,5.168059944,29.6175965,3.03456344,3.730256115,,,,,,,,100,710011,NSRD0799 Comp 10 53 Feed,44710990283,NSRD0799,Comp 10, -53um ,DTR Feed,29.35,31.17,41.28,2.456,0.106,0.458,1.455,0.079,0.117,2.67,0.906,0.112,0.004,0.002,0.002,0.002,0.002,0.021,0.003,0.018,0.008,0.001,0.003,0.004,0.009,0.29,4.6,0.76,5.65
NSRD0799, Comp 10,DTR,Feed,N9519XD21,14-710011 ,5.205887807,34.8313025,0,1.13228459,4.503216561,12.44399399,0.332838552,5.168059944,29.6175965,3.03456344,3.730256115,,,,,,,,100,710011,NSRD0799 Comp 10 53 Feed,44710990308,NSRD0799,Comp 10, -53um ,R-DTR Feed,,31.41,40.62,2.421,0.105,0.456,1.441,0.085,0.143,2.63,0.888,0.11,0.004,-0.001,-0.001,0.003,0.002,0.021,0.003,0.019,0.006,-0.001,-0.001,0.003,0.009,0.1,4.76,0.7,5.56
NSRD0799, Comp 12,DTR,Feed,N9519XD21,16-710012 ,2.985827641,31.34055302,2.231753019,1.93595901,9.067992304,9.629580586,0,4.005537081,28.05696933,4.826223108,5.919604902,,,,,,,,100,710012,NSRD0799 Comp 12 53 Feed,44710990284,NSRD0799,Comp 12, -53um ,DTR Feed,29.56,31.45,41.12,3.024,0.138,0.426,1.265,0.078,0.088,2.38,1.57,0.292,0.004,0.002,0.002,0.004,0.002,0.035,0.004,0.024,0.01,0.002,0.002,0.004,0.007,0.31,3.64,0.59,4.54
NSRD0799, Comp 12,DTR,Feed,N9519XD21,16-710012 ,2.985827641,31.34055302,2.231753019,1.93595901,9.067992304,9.629580586,0,4.005537081,28.05696933,4.826223108,5.919604902,,,,,,,,100,710012,NSRD0799 Comp 12 53 Feed,44710990309,NSRD0799,Comp 12, -53um ,R-DTR Feed,,31.72,40.52,2.956,0.134,0.433,1.276,0.085,0.085,2.41,1.532,0.311,0.006,-0.001,-0.001,0.004,0.005,0.039,0.004,0.026,0.009,0.002,0.001,0.005,0.009,0.09,3.75,0.54,4.38
NSRD0799, Comp 13,DTR,Feed,N9519XD21,17-710013 ,6.562427697,32.01682665,0,0.981444759,10.09362146,10.53157044,0.575579051,4.852659358,24.84504545,2.34036474,7.200460396,,,,,,,,100,710013,NSRD0799 Comp 13 53 Feed,44710990285,NSRD0799,Comp 13, -53um ,DTR Feed,26.65,28.88,43.33,3.645,0.16,0.427,1.34,0.085,0.354,2.53,1.874,0.108,0.005,0.002,0.003,0.005,0.004,0.043,0.004,0.027,0.011,-0.001,0.002,0.006,0.009,0.16,3.75,0.66,4.57
NSRD0799, Comp 13,DTR,Feed,N9519XD21,17-710013 ,6.562427697,32.01682665,0,0.981444759,10.09362146,10.53157044,0.575579051,4.852659358,24.84504545,2.34036474,7.200460396,,,,,,,,100,710013,NSRD0799 Comp 13 53 Feed,44710990310,NSRD0799,Comp 13, -53um ,R-DTR Feed,,28.79,43.04,3.574,0.157,0.429,1.314,0.083,0.334,2.5,1.859,0.111,0.007,0.001,-0.001,0.005,0.005,0.045,0.005,0.028,0.012,0.001,0.002,0.006,0.012,0.08,3.83,0.66,4.57
NSRD0799, Comp 14,DTR,Feed,N9519XD21,19-710014 ,8.607244527,30.87244133,0,0,16.30035942,11.71374326,0.669586899,3.926096777,16.17458568,0.899365311,10.8365768,,,,,,,,100,710014,NSRD0799 Comp 14 53 Feed,44710990286,NSRD0799,Comp 14, -53um ,DTR Feed,16.65,23.33,46.38,6.693,0.286,0.327,1.129,0.083,0.235,3.11,2.65,0.105,0.008,0.003,0.002,0.005,0.002,0.069,0.008,0.063,0.019,0.002,0.001,0.006,0.011,0.49,4.45,0.72,5.66
NSRD0799, Comp 14,DTR,Feed,N9519XD21,19-710014 ,8.607244527,30.87244133,0,0,16.30035942,11.71374326,0.669586899,3.926096777,16.17458568,0.899365311,10.8365768,,,,,,,,100,710014,NSRD0799 Comp 14 53 Feed,44710990311,NSRD0799,Comp 14, -53um ,R-DTR Feed,,23.79,45.98,5.893,0.277,0.321,1.123,0.086,0.232,3.05,2.605,0.1,0.01,0.001,-0.001,0.006,0.005,0.066,0.008,0.056,0.02,0.002,0.002,0.007,0.011,0.35,4.51,0.67,5.53
NSRD0799, Comp 16,DTR,Feed,N9519XD21,21-710015 ,9.026071275,31.18422995,0,0,11.83078553,14.54295785,0.608680719,3.28857657,16.7012792,1.257541357,11.55987755,,,,,,,,100,710015,NSRD0799 Comp 16 53 Feed,44710990287,NSRD0799,Comp 16, -53um ,DTR Feed,16.9,25.5,44.54,5.176,0.253,0.341,1.042,0.082,0.329,3.11,1.954,0.086,0.007,0.002,0.002,0.005,0.004,0.09,0.007,0.054,0.018,0.002,-0.001,0.006,0.012,0.55,5.06,0.7,6.31
NSRD0799, Comp 16,DTR,Feed,N9519XD21,21-710015 ,9.026071275,31.18422995,0,0,11.83078553,14.54295785,0.608680719,3.28857657,16.7012792,1.257541357,11.55987755,,,,,,,,100,710015,NSRD0799 Comp 16 53 Feed,44710990312,NSRD0799,Comp 16, -53um ,R-DTR Feed,,25.63,43.59,5.083,0.246,0.335,0.998,0.076,0.37,3.05,1.918,0.086,0.007,-0.001,-0.001,0.004,0.002,0.091,0.007,0.055,0.018,0.002,0.003,0.005,0.009,0.4,5.23,0.61,6.24
NSRD0799, Comp 17,DTR,Feed,N9519XD21,22-710016 ,9.576864887,30.16335623,0,0,15.12726167,11.74774193,0.773446261,4.09727623,16.38242819,1.191506704,10.94011791,,,,,,,,100,710016,NSRD0799 Comp 17 53 Feed,44710990288,NSRD0799,Comp 17, -53um ,DTR Feed,16.95,23.78,46.39,5.882,0.272,0.324,1.238,0.103,0.267,2.95,2.66,0.103,0.007,0.002,0.005,0.005,0.003,0.099,0.007,0.048,0.018,0.002,0.005,0.005,0.012,0.46,4.37,0.74,5.57
NSRD0799, Comp 17,DTR,Feed,N9519XD21,22-710016 ,9.576864887,30.16335623,0,0,15.12726167,11.74774193,0.773446261,4.09727623,16.38242819,1.191506704,10.94011791,,,,,,,,100,710016,NSRD0799 Comp 17 53 Feed,44710990313,NSRD0799,Comp 17, -53um ,R-DTR Feed,,23.94,45.74,5.835,0.271,0.317,1.207,0.101,0.26,2.89,2.688,0.094,0.008,-0.001,-0.001,0.005,0.003,0.101,0.008,0.05,0.018,0.002,-0.001,0.006,0.012,0.34,4.39,0.64,5.37
