,Mineral,Spinel_group,Hematite_group,Quartz,Chlorite_group,Dolomite_group,Calcite_group-Siderite,Calcite_group-Calcite,Pyrite_group,Rutile_group,K-Feldspar,Stilpnomelane,Mica_group,Plagioclase,Goethite,Smectite_group,Sepiolite,Kaolinite-serpentine_group,Pyroxene,Total,Unassigned_peak,report,Client_sample_ID,BV_sample_ID,Sample_ID,Sample ID,Type,Fe_%,SiO2_%,Al2O3_%,TiO2_%,Mn_%,CaO_%,P XRF_%,S XRF_%,MgO_%,K2O_%,Na2O_%,Zn_%,As_%,Cl_%,Cu_%,Pb_%,Ba_%,V_%,Cr_%,Ni_%,Co_%,Sn XRF_%,Zr_%,Sr_%,Fe3O4_%,LOI_371_%,LOI_650_%,LOI_1000_%,LOI_ Total_%,P80_um_(l),Mass_g,,,,
0,1-0055,31,3,38,4,5,10,0.5,,0.5,3,4,,,,,,,,100,Tr,N9646XD21,NSRD0800 Comp 4-53um DTR Feed,1-0055,NSRD0800-F-4,NSRD0800-F-4,Feed,32.14,41.47,2.15,0.09,0.47,1.28,0.08,0.04,2.24,0.89,0.11,0.01,0,0,0,0,0.02,0,0.02,0.01,0,0,0,0.01,30.5,0.34,4,0.45,4.79,30.45,40.07,,,,
1,2-0056,23,0.5,34,9,4,12,0.5,0.5,0.5,6,8,,,,,,,,100,Tr,N9646XD21,NSRD0800 Comp 5-53um DTR Feed,2-0056,NSRD0800-F-5,NSRD0800-F-5,Feed,28.11,43.3,4.28,0.19,0.42,1.05,0.08,0.37,2.77,1.81,0.1,0.01,0,0,0,0,0.04,0.01,0.04,0.01,0,0,0.01,0.01,23.2,0.28,4.59,0.47,5.34,28.26,40.09,,,,
2,3-0057,14,,30,14,4,10,1,,,17,11,,,,,,,,100,Tr,N9646XD21,NSRD0800 Comp 6-53um DTR Feed,3-0057,NSRD0800-F-6,NSRD0800-F-6,Feed,22.86,47.12,6.44,0.29,0.27,1.13,0.09,0.31,2.92,2.88,0.11,0.01,0,0.01,0.01,0,0.06,0.01,0.05,0.02,0,0,0.01,0.01,14.9,0.4,4.37,0.63,5.4,30.29,40,,,,
3,4-0058,11,0.5,31,15,3,13,0.5,0.5,1,13,12,,,,,,,,100,Tr,N9646XD21,NSRD0800 Comp 8-53um DTR Feed,4-0058,NSRD0800-F-8,NSRD0800-F-8,Feed,22.08,47.43,6.3,0.3,0.31,1.04,0.07,0.37,3.28,2.46,0.12,0.01,0,0.01,0.01,0,0.06,0.01,0.06,0.02,0,0,0.01,0.01,11.8,0.53,5.16,0.73,6.42,28.57,39.99,,,,
4,5-0059,26,1,36,8,6,11,0.5,0.5,0.5,5,6,,,,,,,,100,Tr,N9646XD21,NSRD0800 Comp 11-53um DTR Feed,5-0059,NSRD0800-F-11,NSRD0800-F-11,Feed,29.5,43.02,3.23,0.15,0.38,1.26,0.07,0.29,2.84,1.13,0.13,0.01,0,0,0,0,0.03,0,0.03,0.01,0,0,0.01,0.01,26.6,0.15,4.38,0.56,5.09,30.35,39.95,,,,
5,6-0060,29,2,34,6,5,12,0.5,,0.5,5,6,,,,,,,,100,Tr,N9646XD21,NSRD0800 Comp 15-53um DTR Feed,6-0060,NSRD0800-F-15,NSRD0800-F-15,Feed,31.11,40.52,2.98,0.13,0.38,1.39,0.09,0.17,2.56,1.29,0.13,0.01,0,0,0,0,0.02,0,0.03,0.01,0,0,0,0.02,29.3,0.37,4.39,0.48,5.24,29.02,40,,,,
6,1-074,89,,6,0.5,,,3,,,,2,,,,,,,,100,Tr,N9741XD21,44710074 NSRD0798 Comp 3 -53um DTR Cons,1-074,NSRD0798-F-3,NSRD0798-F-3,Cons,65.71,7.35,0.22,0.03,0.08,0.11,0.03,0.01,0.33,0.06,0,0,0,0,0,0,0,0,0.02,0.01,0,0,0,0,85.8,-0.25,-0.61,-1.44,-2.3,43.4,15.324,,,,
7,2-075,89,,7,,,,2,,,,2,,,,,,,,100,Tr,N9741XD21,44710075 NSRD0798 Comp 4 -53um DTR Cons,2-075,NSRD0798-F-4,NSRD0798-F-4,Cons,64.55,8.9,0.3,0.04,0.09,0.13,0.03,0.01,0.36,0.12,0.02,0,0,0,0,0,0.01,0,0.02,0.01,0,0,0,0,84,-0.29,-0.67,-1.37,-2.33,46.84,17.842,,,,
8,3-076,85,,10,,1,,2,,0.5,,1,,,,,,,,100,Tr,N9741XD21,44710076 NSRD0798 Comp 5 -53um DTR Cons,3-076,NSRD0798-F-5,NSRD0798-F-5,Cons,62.56,10.82,0.39,0.04,0.09,0.27,0.03,0.01,0.36,0.27,0.01,0,0,0,0,0,0.01,0.01,0.03,0.01,0,0,0,0,80,-0.32,-0.55,-1.2,-2.07,48.25,17.751,,,,
9,4-077,89,,6,,0.5,,3,,,,2,,,,,,,,100,Tr,N9741XD21,44710077 NSRD0798 Comp 6 -53um DTR Cons,4-077,NSRD0798-F-6,NSRD0798-F-6,Cons,65.18,7.83,0.31,0.04,0.07,0.21,0.02,0.01,0.36,0.12,0.01,0,0,0,0,0,0.01,0.01,0.03,0.01,0,0,0,0.01,83.2,-0.32,-0.68,-1.18,-2.18,46.48,13.399,,,,
10,5-078,82,,8,0.5,,,4,0.5,,,4,,,,,,,,100,Tr,N9741XD21,44710078 NSRD0798 Comp 7 -53um DTR Cons,5-078,NSRD0798-F-7,NSRD0798-F-7,Cons,62.3,10.69,0.45,0.05,0.09,0.17,0.02,0.02,0.52,0.12,0.03,0,0,0,0,0,0.01,0.01,0.04,0.01,0,0,0,0.01,78.3,-0.14,0.03,-1.26,-1.37,48.94,11.072,,,,
11,6-079,84,,7,,,,3,0.5,,,5,,,,,,,,100,Tr,N9741XD21,44710079 NSRD0798 Comp 8 -53um DTR Cons,6-079,NSRD0798-F-8,NSRD0798-F-8,Cons,62.77,10.19,0.44,0.04,0.09,0.14,0.02,0.02,0.49,0.12,0.03,0,0,0,0,0,0,0.01,0.04,0.01,0,0,0,0,80.4,-0.15,0,-1.34,-1.49,48.67,11.901,,,,
12,7-080,86,,6,0.5,,,4,,,,5,,,,,,,,100,Tr,N9741XD21,44710080 NSRD0798 Comp 9 -53um DTR Cons,7-080,NSRD0798-F-9,NSRD0798-F-9,Cons,64.15,8.5,0.46,0.05,0.08,0.17,0.02,0.02,0.45,0.12,0.04,0,0,0,0,0,0,0.01,0.07,0.01,0,0,0,0,80.7,-0.14,-0.23,-1.22,-1.59,50.17,7.458,,,,
13,8-081,90,,5,0.5,,,3,,,,3,,,,,,,,100,Tr,N9741XD21,44710081 NSRD0798 Comp 10 -53um DTR Cons,8-081,NSRD0798-F-10,NSRD0798-F-10,Cons,65.96,6.57,0.37,0.04,0.06,0.17,0.02,0.01,0.34,0.09,0.02,0,0,0,0,0,0,0.01,0.04,0.01,0,0,0,0,83.4,-0.26,-0.71,-1.14,-2.11,46.98,11.61,,,,
14,9-082,3,,46,4,3,,23,,,,21,,,,,,,,100,Tr,N9741XD21,44710082 NSRD0798 Comp 3 -53um DTR Tails,9-082,NSRD0798-F-3,NSRD0798-F-3,Tails,17.16,56.43,1.94,0.08,0.88,1.07,0.16,0.06,3.49,0.48,0.1,0.01,0,0,0,0,0.01,0,0,0.01,0,0,0,0.01,2.6,0.84,8.85,0.44,10.13,28.63,24.701,,,,
15,1-44710164,,2,50,3,2,23,,,,2,19,,,,,,,,100,Tr,N9774XD21,44710164 NSRD0798 Comp 3 -45um DTR Tails,1-44710164,NSRD0798-F-3,NSRD0798-F-3,Tails,17.16,56.43,1.94,0.08,0.88,1.07,0.16,0.06,3.49,0.48,0.1,0.01,0,0,0,0,0.01,0,0,0.01,0,0,0,0.01,2.6,0.84,8.85,0.44,10.13,28.63,24.701,,,,
16,9-44710172,,2,48,4,2,23,,,,2,18,,2,,,,,,100,Tr,N9774XD21,44710172 NSRD0798 Comp 3 -38um DTR Tails,9-44710172,NSRD0798-F-3,NSRD0798-F-3,Tails,17.16,56.43,1.94,0.08,0.88,1.07,0.16,0.06,3.49,0.48,0.1,0.01,0,0,0,0,0.01,0,0,0.01,0,0,0,0.01,2.6,0.84,8.85,0.44,10.13,28.63,24.701,,,,
17,10-083,1,,51,5,7,,16,,1,,19,,,,,,,,100,Tr,N9741XD21,44710083 NSRD0798 Comp 4 -53um DTR Tails,10-083,NSRD0798-F-4,NSRD0798-F-4,Tails,14.14,59.17,2.25,0.09,0.93,2.39,0.16,0.16,3.47,0.78,0.11,0.01,0,0,0.01,0,0.02,0,0,0.01,0,0,0,0.01,1.2,0.6,7.04,1.89,9.53,26.95,22.131,,,,
18,2-44710165,,2,51,4,8,15,,,,3,17,,,,,,,,100,Tr,N9774XD21,44710165 NSRD0798 Comp 4 -45um DTR Tails,2-44710165,NSRD0798-F-4,NSRD0798-F-4,Tails,14.14,59.17,2.25,0.09,0.93,2.39,0.16,0.16,3.47,0.78,0.11,0.01,0,0,0.01,0,0.02,0,0,0.01,0,0,0,0.01,1.2,0.6,7.04,1.89,9.53,26.95,22.131,,,,
19,10-44710173,,2,52,3,6,16,,,,3,16,,,,,,,,100,Tr,N9774XD21,44710173 NSRD0798 Comp 4 -38um DTR Tails,10-44710173,NSRD0798-F-4,NSRD0798-F-4,Tails,14.14,59.17,2.25,0.09,0.93,2.39,0.16,0.16,3.47,0.78,0.11,0.01,0,0,0.01,0,0.02,0,0,0.01,0,0,0,0.01,1.2,0.6,7.04,1.89,9.53,26.95,22.131,,,,
20,11-084,1,,51,1,11,,13,,2,7,14,,,,,,,,100,Tr,N9741XD21,44710084 NSRD0798 Comp 5 -53um DTR Tails,11-084,NSRD0798-F-5,NSRD0798-F-5,Tails,10.94,61.16,2.81,0.12,0.79,3.53,0.22,0.14,3.33,1.78,0.09,0.01,0,0,0.01,0,0.02,0,0,0,0,0,0,0.01,1.2,0.44,5.92,3.08,9.44,26.93,22.231,,,,
21,3-44710166,,1,53,1,10,12,,,,10,13,,,,,,,,100,Tr,N9774XD21,44710166 NSRD0798 Comp 5 -45um DTR Tails,3-44710166,NSRD0798-F-5,NSRD0798-F-5,Tails,10.94,61.16,2.81,0.12,0.79,3.53,0.22,0.14,3.33,1.78,0.09,0.01,0,0,0.01,0,0.02,0,0,0,0,0,0,0.01,1.2,0.44,5.92,3.08,9.44,26.93,22.231,,,,
22,11-44710174,,2,54,1,9,13,,,,9,12,,,,,,,,100,Tr,N9774XD21,44710174 NSRD0798 Comp 5 -38um DTR Tails,11-44710174,NSRD0798-F-5,NSRD0798-F-5,Tails,10.94,61.16,2.81,0.12,0.79,3.53,0.22,0.14,3.33,1.78,0.09,0.01,0,0,0.01,0,0.02,0,0,0,0,0,0,0.01,1.2,0.44,5.92,3.08,9.44,26.93,22.231,,,,
23,12-085,1,,49,4,9,,14,,1,,22,,,,,,,,100,Tr,N9741XD21,44710085 NSRD0798 Comp 6 -53um DTR Tails,12-085,NSRD0798-F-6,NSRD0798-F-6,Tails,14.9,58.49,2.24,0.09,0.53,3.04,0.15,0.18,3.13,0.7,0.11,0.01,0,0,0,0,0.01,0,0,0.01,0,0,0,0.01,1,0.72,6.38,2.47,9.57,29.98,26.59,,,,
24,4-44710167,,1,49,4,9,14,,,,3,20,,,,,,,,100,Tr,N9774XD21,44710167 NSRD0798 Comp 6 -45um DTR Tails,4-44710167,NSRD0798-F-6,NSRD0798-F-6,Tails,14.9,58.49,2.24,0.09,0.53,3.04,0.15,0.18,3.13,0.7,0.11,0.01,0,0,0,0,0.01,0,0,0.01,0,0,0,0.01,1,0.72,6.38,2.47,9.57,29.98,26.59,,,,
25,12-44710175,,2,51,3,9,14,,,,3,18,,,,,,,,100,Tr,N9774XD21,44710175 NSRD0798 Comp 6 -38um DTR Tails,12-44710175,NSRD0798-F-6,NSRD0798-F-6,Tails,14.9,58.49,2.24,0.09,0.53,3.04,0.15,0.18,3.13,0.7,0.11,0.01,0,0,0,0,0.01,0,0,0.01,0,0,0,0.01,1,0.72,6.38,2.47,9.57,29.98,26.59,,,,
26,13-086,0.5,,40,4,5,,21,,,,28,,,,,,,,100,Tr,N9741XD21,44710086 NSRD0798 Comp 7 -53um DTR Tails,13-086,NSRD0798-F-7,NSRD0798-F-7,Tails,20.11,52.05,2.37,0.1,0.51,1.48,0.12,0.14,2.96,0.58,0.14,0.01,0,0,0,0,0.01,0,0,0.01,0,0,0,0.01,1.2,1.39,8.07,0.89,10.35,30.94,28.916,,,,
27,5-44710168,,0.5,42,4,4,23,,,,,26,,,,,,,,100,Tr,N9774XD21,44710168 NSRD0798 Comp 7 -45um DTR Tails,5-44710168,NSRD0798-F-7,NSRD0798-F-7,Tails,20.11,52.05,2.37,0.1,0.51,1.48,0.12,0.14,2.96,0.58,0.14,0.01,0,0,0,0,0.01,0,0,0.01,0,0,0,0.01,1.2,1.39,8.07,0.89,10.35,30.94,28.916,,,,
28,13-44710176,,0.5,42,4,4,23,,,,,26,,,,,,,,100,Tr,N9774XD21,44710176 NSRD0798 Comp 7 -38um DTR Tails,13-44710176,NSRD0798-F-7,NSRD0798-F-7,Tails,20.11,52.05,2.37,0.1,0.51,1.48,0.12,0.14,2.96,0.58,0.14,0.01,0,0,0,0,0.01,0,0,0.01,0,0,0,0.01,1.2,1.39,8.07,0.89,10.35,30.94,28.916,,,,
29,14-087,0.5,,40,4,3,,22,,,,30,,,,,,,,100,Tr,N9741XD21,44710087 NSRD0798 Comp 8 -53um DTR Tails,14-087,NSRD0798-F-8,NSRD0798-F-8,Tails,20.43,51.88,2.44,0.1,0.53,1.16,0.15,0.11,2.96,0.63,0.15,0.01,0,0,0,0,0.01,0,0,0.01,0,0,0,0.01,1.1,1.47,8.07,0.47,10.01,30.69,28.104,,,,
30,6-44710169,,1,41,3,2,24,,,,,29,,,,,,,,100,Tr,N9774XD21,44710169 NSRD0798 Comp 8 -45um DTR Tails,6-44710169,NSRD0798-F-8,NSRD0798-F-8,Tails,20.43,51.88,2.44,0.1,0.53,1.16,0.15,0.11,2.96,0.63,0.15,0.01,0,0,0,0,0.01,0,0,0.01,0,0,0,0.01,1.1,1.47,8.07,0.47,10.01,30.69,28.104,,,,
31,14-44710177,,0.5,41,3,2,24,,,,,28,,,,,,,,100,Tr,N9774XD21,44710177 NSRD0798 Comp 8 -38um DTR Tails,14-44710177,NSRD0798-F-8,NSRD0798-F-8,Tails,20.43,51.88,2.44,0.1,0.53,1.16,0.15,0.11,2.96,0.63,0.15,0.01,0,0,0,0,0.01,0,0,0.01,0,0,0,0.01,1.1,1.47,8.07,0.47,10.01,30.69,28.104,,,,
32,15-088,0.5,,33,5,6,,21,,,,34,,,,,,,,100,Tr,N9741XD21,44710088 NSRD0798 Comp 9 -53um DTR Tails,15-088,NSRD0798-F-9,NSRD0798-F-9,Tails,22.3,47.48,3.09,0.14,0.45,1.7,0.14,0.25,3.02,0.75,0.16,0.01,0,0,0,0,0.01,0,0.01,0.01,0,0,0,0.01,1,1.16,8.04,1.03,10.23,33.95,32.539,,,,
33,7-44710170,,1,33,4,5,23,,,,,33,,,,,,,,100,Tr,N9774XD21,44710170 NSRD0798 Comp 9 -45um DTR Tails,7-44710170,NSRD0798-F-9,NSRD0798-F-9,Tails,22.3,47.48,3.09,0.14,0.45,1.7,0.14,0.25,3.02,0.75,0.16,0.01,0,0,0,0,0.01,0,0.01,0.01,0,0,0,0.01,1,1.16,8.04,1.03,10.23,33.95,32.539,,,,
34,15-44710178,,,35,4,5,24,,,,,32,,,,,,,,100,Tr,N9774XD21,44710178 NSRD0798 Comp 9 -38um DTR Tails,15-44710178,NSRD0798-F-9,NSRD0798-F-9,Tails,22.3,47.48,3.09,0.14,0.45,1.7,0.14,0.25,3.02,0.75,0.16,0.01,0,0,0,0,0.01,0,0.01,0.01,0,0,0,0.01,1,1.16,8.04,1.03,10.23,33.95,32.539,,,,
35,16-089,0.5,,41,6,8,,14,,,,30,,,,,,,,100,Tr,N9741XD21,44710089 NSRD0798 Comp 10 -53um DTR Tails,16-089,NSRD0798-F-10,NSRD0798-F-10,Tails,18.6,53.1,3.05,0.13,0.45,2.66,0.15,0.19,2.97,0.72,0.15,0.01,0,0,0,0,0.01,0,0.01,0.01,0,0,0,0.01,1,1.08,6.13,2,9.21,30.23,28.391,,,,
36,8-44710171,,,44,6,8,16,,,,,27,,,,,,,,100,Tr,N9774XD21,44710171 NSRD0798 Comp 10 -45um DTR Tails,8-44710171,NSRD0798-F-10,NSRD0798-F-10,Tails,18.6,53.1,3.05,0.13,0.45,2.66,0.15,0.19,2.97,0.72,0.15,0.01,0,0,0,0,0.01,0,0.01,0.01,0,0,0,0.01,1,1.08,6.13,2,9.21,30.23,28.391,,,,
37,16-44710179,,0.5,43,5,7,16,,,,,27,,,,,,,,100,Tr,N9774XD21,44710179 NSRD0798 Comp 10 -38um DTR Tails,16-44710179,NSRD0798-F-10,NSRD0798-F-10,Tails,18.6,53.1,3.05,0.13,0.45,2.66,0.15,0.19,2.97,0.72,0.15,0.01,0,0,0,0,0.01,0,0.01,0.01,0,0,0,0.01,1,1.08,6.13,2,9.21,30.23,28.391,,,,
38,17-44710180,,1,50,7,3,26,,,,,13,,,,,,,,100,Tr,N9774XD21,44710180 NSRD0797 Comp 3 -53um DTR Tails,17-44710180,NSRD0797-F-3,NSRD0797-F-3,Tails,17.11,53.58,2.85,0.13,0.68,1.12,0.13,0.15,4.56,0.22,0.11,0,0,0,0.01,0,0.01,0,0,0.01,0,0,0,0.01,1.1,0.54,1.25,9.79,11.58,27.47,26.307,,,,
39,18-44710181,,2,56,4,6,18,,,,2,12,,,,,,,,100,Tr,N9774XD21,44710181 NSRD0797 Comp 4 -53um DTR Tails,18-44710181,NSRD0797-F-4,NSRD0797-F-4,Tails,12.33,61.49,1.62,0.06,0.95,2.18,0.14,0.04,4.1,0.4,0.1,0,0,0,0.01,0,0.02,0,0,0,0,0,0,0.02,0.8,1.93,0.84,7.89,10.66,24.41,23.593,,,,
40,19-44710182,,2,53,6,5,19,,,,2,13,,,,,,,,100,Tr,N9774XD21,44710182 NSRD0797 Comp 8 -53um DTR Tails,19-44710182,NSRD0797-F-8,NSRD0797-F-8,Tails,13.65,59.95,2.16,0.09,0.88,1.62,0.16,0.07,4.29,0.4,0.11,0,0,0,0.01,0,0.02,0,0,0,0,0,0,0.01,0.9,1.16,0.83,8.29,10.28,26.04,23.131,,,,
41,20-44710183,,2,54,5,7,17,,,,4,12,,,,,,,,100,Tr,N9774XD21,44710183 NSRD0797 Comp 9 -53um DTR Tails,20-44710183,NSRD0797-F-9,NSRD0797-F-9,Tails,11.97,61.54,2.12,0.08,0.98,2.23,0.21,0.05,4.3,0.67,0.11,0,0,0,0.01,0,0.02,0,0,0,0,0,0,0.01,0.9,1.82,0.73,7.45,10,24.23,21.168,,,,
42,21-44710184,,3,61,0.5,8,13,,,,6,9,,,,,,,,100,Tr,N9774XD21,44710184 NSRD0797 Comp 13 -53um DTR Tails,21-44710184,NSRD0797-F-13,NSRD0797-F-13,Tails,10.13,64.93,1.84,0.08,0.96,2.64,0.13,0.06,3.67,1.14,0.07,0.01,0,0,0.01,0.01,0.03,0,0,0,0,0,0,0.02,1.8,2.56,0.88,6.03,9.47,31.25,21.015,,,,
43,22-44710185,,1,46,6,3,20,,,,3,22,,,,,,,,100,Tr,N9774XD21,44710185 NSRD0797 Comp 14 -53um DTR Tails,22-44710185,NSRD0797-F-14,NSRD0797-F-14,Tails,16.27,55.74,2.92,0.12,0.71,1.41,0.22,0.17,4.19,0.68,0.15,0,0,0,0.01,0,0.02,0,0,0.01,0,0,0,0.01,1.2,0.75,1.06,7.67,9.48,32.34,27.314,,,,
44,23-44710186,,11,47,6,3,10,,,,11,3,,3,6,,,,,100,Tr,N9774XD21,44710186 NSRD0799 Comp 5 -53um DTR Tails,23-44710186,NSRD0799-F-5,NSRD0799-F-5,Tails,19.52,54.46,4.53,0.21,0.52,1.14,0.15,0.13,2.32,1.88,0.29,0.01,0,0,0.01,0.01,0.04,0,0.03,0.01,0,0,0.01,0.01,1.09,1.27,4.3,0.52,6.09,36.31,30.1,,,,
45,24-44710187,,6,48,5,7,14,,,,10,6,,4,,,,,,100,Tr,N9774XD21,44710187 NSRD0799 Comp 6 -53um DTR Tails,24-44710187,NSRD0799-F-6,NSRD0799-F-6,Tails,13.75,58.75,3.84,0.17,0.6,2.18,0.17,0.1,3.32,1.82,0.34,0.01,0,0,0.01,0,0.04,0,0.01,0.01,0,0,0.01,0.01,0.99,0.5,6.61,1.59,8.7,30,26.31,,,,
46,25-44710188,,3,52,7,7,16,,,,6,5,,3,,,,,,100,Tr,N9774XD21,44710188 NSRD0799 Comp 10 -53um DTR Tails,25-44710188,NSRD0799-F-10,NSRD0799-F-10,Tails,14.13,58.38,3.45,0.15,0.62,2.06,0.11,0.18,3.66,1.26,0.18,0.01,0,0.01,0.01,0,0.03,0,0.01,0.01,0,0,0.01,0.01,0.9,0.46,7.46,1.52,9.44,31.67,26.731,,,,
47,26-44710189,,7,46,4,7,13,,,,12,7,,5,,,,,,100,Tr,N9774XD21,44710189 NSRD0799 Comp 12 -53um DTR Tails,26-44710189,NSRD0799-F-12,NSRD0799-F-12,Tails,13.87,59.09,4.27,0.19,0.6,1.84,0.11,0.14,3.4,2.17,0.45,0.01,0,0,0.01,0.01,0.05,0,0.01,0.01,0,0,0.01,0.01,0.88,0.41,6.15,1.31,7.87,32.49,25.735,,,,
48,27-44710190,,3,48,8,6,13,,,,14,8,,,,,,,,100,Tr,N9774XD21,44710190 NSRD0799 Comp 13 -53um DTR Tails,27-44710190,NSRD0799-F-13,NSRD0799-F-13,Tails,12.59,59.29,4.93,0.21,0.57,1.83,0.12,0.51,3.39,2.51,0.16,0.01,0,0,0.01,0,0.06,0,0.01,0.01,0,0,0.01,0.01,0.9,0.37,5.97,1.33,7.67,29.53,27.645,,,,
49,28-44710191,0.5,0.5,38,11,4,13,0.5,,,21,11,,,,,,,,100,Tr,N9774XD21,44710191 NSRD0799 Comp 14 -53um DTR Tails,28-44710191,NSRD0799-F-14,NSRD0799-F-14,Tails,14.09,55.76,6.97,0.33,0.37,1.31,0.1,0.29,3.53,3.15,0.13,0.01,0,0,0.01,0,0.08,0.01,0.04,0.02,0,0,0.01,0.01,0.78,0.54,5.7,0.97,7.21,31.96,32.243,,,,
50,29-44710192,1,0.5,41,10,4,16,1,,,13,13,,,,,,,,100,Tr,N9774XD21,44710192 NSRD0799 Comp 16 -53um DTR Tails,29-44710192,NSRD0799-F-16,NSRD0799-F-16,Tails,16.08,53.95,6.13,0.29,0.39,1.23,0.1,0.43,3.59,2.34,0.12,0.01,0,0,0.01,0.01,0.11,0,0.03,0.02,0,0,0.01,0.01,0.99,0.6,6.52,0.99,8.11,35.2,32.185,,,,
51,30-44710193,1,0.5,40,9,5,13,0.5,,,19,12,,,,,,,,100,Tr,N9774XD21,44710193 NSRD0799 Comp 17 -53um DTR Tails,30-44710193,NSRD0799-F-17,NSRD0799-F-17,Tails,13.95,55.76,6.92,0.32,0.37,1.45,0.12,0.33,3.37,3.18,0.12,0.01,0,0,0.01,0,0.11,0.01,0.04,0.02,0,0,0.01,0.01,0.8,0.54,5.61,1.01,7.16,31.9,32.32,,,,
52,31-44710194,1,4,53,6,7,14,0.5,,,5,5,,4,,,,,,100,Tr,N9774XD21,44710194 NSRD0800 Comp 4 -53um DTR Tails,31-44710194,NSRD0800-F-4,NSRD0800-F-4,Tails,13.28,61.17,3.18,0.13,0.68,1.88,0.11,0.09,3.23,1.25,0.16,0.01,0,0,0.01,0,0.03,0,0,0.01,0,0,0.01,0.01,1,1.44,6.46,0.75,8.65,26.9,25.565,,,,
53,32-44710195,1,0.5,45,10,3,16,0.5,,,14,10,,,,,,,,100,Tr,N9774XD21,44710195 NSRD0800 Comp 5 -53um DTR Tails,32-44710195,NSRD0800-F-5,NSRD0800-F-5,Tails,14.32,56.61,5.71,0.25,0.53,1.36,0.1,0.48,3.59,2.37,0.13,0.01,0,0.01,0.01,0,0.05,0,0.01,0.01,0,0,0.01,0.01,0.9,1.11,6.4,0.5,8.01,28.98,29.294,,,,
54,33-44710196,0.5,0.5,37,11,4,12,1,,,21,13,,,,,,,,100,Tr,N9774XD21,44710196 NSRD0800 Comp 6 -53um DTR Tails,33-44710196,NSRD0800-F-6,NSRD0800-F-6,Tails,14.4,55.27,7.55,0.34,0.32,1.3,0.11,0.37,3.37,3.39,0.15,0.01,0,0.01,0.01,0.01,0.08,0.01,0.03,0.02,0,0,0.01,0.01,0.7,0.97,5.29,0.57,6.83,31.65,33.489,,,,
55,34-44710197,0.5,0.5,38,12,4,14,0.5,,,16,13,,,,,,,,100,Tr,N9774XD21,44710197 NSRD0800 Comp 8 -53um DTR Tails,34-44710197,NSRD0800-F-8,NSRD0800-F-8,Tails,15.56,53.88,7.06,0.34,0.34,1.15,0.08,0.41,3.66,2.76,0.16,0.01,0,0.01,0.01,0,0.07,0.01,0.04,0.02,0,0,0.01,0.01,0.7,1.04,5.88,0.65,7.57,31.89,34.719,,,,
56,35-44710198,1,2,49,7,6,14,0.5,,,6,8,,4,,,,,,100,Tr,N9774XD21,44710198 NSRD0800 Comp 11 -53um DTR Tails,35-44710198,NSRD0800-F-11,NSRD0800-F-11,Tails,13.55,59.22,4.38,0.19,0.52,1.73,0.09,0.4,3.89,1.49,0.19,0.01,0,0,0.01,0,0.04,0,0.01,0.01,0,0,0.01,0.01,1,1.39,6.46,0.41,8.26,29.83,27.808,,,,
57,36-44710199,1,1,48,8,7,16,0.5,,,7,6,,4,,,,,,100,Tr,N9774XD21,44710199 NSRD0800 Comp 15 -53um DTR Tails,36-44710199,NSRD0800-F-15,NSRD0800-F-15,Tails,13.21,58.68,4.21,0.18,0.55,2,0.13,0.24,3.67,1.75,0.2,0.01,0,0.01,0.01,0,0.04,0,0.01,0.01,0,0,0.01,0.01,0.9,1.48,7.02,0.6,9.1,31.65,26.407,,,,
58,37-44710200,0.5,2,51,7,8,15,0.5,,,7,7,,,,,,,,100,Tr,N9774XD21,44710200 NSRD0801 Comp 3 -53um DTR Tails,37-44710200,NSRD0801-F-3,NSRD0801-F-3,Tails,14.03,59.95,3.21,0.13,0.37,2.51,0.15,0.22,2.79,1.13,0.11,0.01,0,0,0.01,0,0.02,0,0.01,0.01,0,0,0.01,0.01,1,0.42,6.82,1.79,9.03,25.26,27.632,,,,
59,38-44710201,0.5,1,55,6,8,17,1,,,5,7,,,,,,,,100,Tr,N9774XD21,44710201 NSRD0801 Comp 4 -53um DTR Tails,38-44710201,NSRD0801-F-4,NSRD0801-F-4,Tails,13.79,59.91,2.61,0.11,0.5,2.82,0.15,0.23,2.71,0.94,0.09,0.01,0,0,0.01,0,0.01,0,0,0.01,0,0,0,0.01,0.9,0.44,7.19,2.18,9.81,27.14,27.086,,,,
60,39-44710202,0.5,2,48,8,6,19,1,,,4,12,,,,,,,,100,Tr,N9774XD21,44710202 NSRD0801 Comp 5 -53um DTR Tails,39-44710202,NSRD0801-F-5,NSRD0801-F-5,Tails,16.06,57.33,3.26,0.13,0.4,1.93,0.14,0.39,3,1.01,0.1,0.01,0,0,0.01,0,0.01,0,0.01,0.01,0,0,0,0.01,0.9,0.46,7.28,1.34,9.08,26.97,29.955,,,,
61,40-44710203,1,1,37,10,6,20,0.5,,,5,19,,,,,,,,100,Tr,N9774XD21,44710203 NSRD0801 Comp 6 -53um DTR Tails,40-44710203,NSRD0801-F-6,NSRD0801-F-6,Tails,18.94,50.7,4.24,0.17,0.41,1.99,0.14,0.53,3.41,1.19,0.15,0.01,0,0,0.01,0,0.02,0,0.02,0.01,0,0,0.01,0.01,0.7,0.62,7.7,1.47,9.79,30.07,34.506,,,,
62,41-44710204,,0.5,42,9,6,15,1,,,7,18,,,,,,,,100,Tr,N9774XD21,44710204 NSRD0801 Comp 7 -53um DTR Tails,41-44710204,NSRD0801-F-7,NSRD0801-F-7,Tails,17.28,54.44,4.93,0.2,0.32,1.7,0.13,0.77,3.26,1.37,0.14,0.01,0,0,0.01,0,0.01,0,0.03,0.02,0,0,0.01,0.01,0.7,0.6,5.88,1.46,7.94,29.99,35.067,,,,
63,42-44710205,0.5,0.5,46,6,7,18,1,,,3,17,,,,,,,,100,Tr,N9774XD21,44710205 NSRD0801 Comp 8 -53um DTR Tails,42-44710205,NSRD0801-F-8,NSRD0801-F-8,Tails,16.19,55.23,3.15,0.12,0.42,2.44,0.14,0.18,3.49,1.02,0.13,0.01,0,0,0.02,0,0.01,0,0.01,0.01,0,0,0,0.01,0.9,0.66,7.54,1.88,10.08,29.73,28.739,,,,
64,43-44710206,,7,55,1,,33,,,,0.5,,3,,,,,,,100,Tr,N9774XD21,44710206 GVRD0268 Comp 2 -53um DTR Tails,43-44710206,GVRD0268-F-2,GVRD0268-F-2,Tails,18.9,55.55,1.44,0.06,0.81,0.68,0.16,0.07,2.12,0.45,0.03,0.01,0,0,0.01,0,0.01,0,0,0,0,0,0,0.01,1.02,2.21,8.49,0.31,11.01,28.25,26.581,,,,
65,44-44710207,0.5,2,60,4,,31,,,,1,,1,,,,,,,100,Tr,N9774XD21,44710207 GVRD0268 Comp 3 -53um DTR Tails,44-44710207,GVRD0268-F-3,GVRD0268-F-3,Tails,16.99,57.71,1.44,0.06,0.88,0.6,0.14,0.2,2.22,0.29,0.01,0.01,0,0,0.01,0,0.01,0,0,0,0,0,0,0.01,1,2.54,8.49,0.57,11.6,27.26,25.736,,,,
66,45-44710208,,3,64,8,,23,,,,0.5,,0.5,,,,,,,100,Tr,N9774XD21,44710208 GVRD0268 Comp 4 -53um DTR Tails,45-44710208,GVRD0268-F-4,GVRD0268-F-4,Tails,15.1,61.63,2.18,0.09,0.99,0.51,0.13,0.14,2.47,0.16,0.02,0.01,0,0,0.01,0,0.01,0,0,0.01,0,0,0,0.01,1,1.31,7.73,0.41,9.45,20.54,23.324,,,,
67,46-44710209,0.5,0.5,54,10,,33,0.5,,,,0.5,,,,,,,,100,Tr,N9774XD21,44710209 GVRD0268 Comp 5 -53um DTR Tails,46-44710209,GVRD0268-F-5,GVRD0268-F-5,Tails,19.36,52.58,2.34,0.1,0.7,0.53,0.12,0.14,3.02,0.02,0.03,0.01,0,0,0.01,0,0.01,0,0.01,0.01,0,0,0,0.01,1,2.48,10.15,0.41,13.04,21.69,28.527,,,,
68,47-44710210,0.5,9,62,3,,23,,,,0.5,,2,,,,,,,100,Tr,N9774XD21,44710210 GVRD0268 Comp 6 -53um DTR Tails,47-44710210,GVRD0268-F-6,GVRD0268-F-6,Tails,17.74,58.98,1.69,0.08,0.98,0.51,0.13,0.1,2.14,0.4,0.03,0,0,0,0.01,0,0.01,0,0,0.01,0,0,0,0.01,1.4,1.28,7.36,0.42,9.06,27.03,23.992,,,,
69,48-44710211,0.5,11,62,2,,21,,,,0.5,,3,,,,,,,100,Tr,N9774XD21,44710211 GVRD0268 Comp 7 -53um DTR Tails,48-44710211,GVRD0268-F-7,GVRD0268-F-7,Tails,17.44,59.56,1.54,0.06,0.94,0.7,0.17,0.07,2.42,0.44,0.03,0,0,0,0,0,0.01,0,0.01,0.01,0,0,0,0.01,1.2,0.59,7.59,0.37,8.55,27.25,23.159,,,,
70,49-44710212,,10,63,3,7,15,,,,,,2,,,,,,,100,Tr,N9774XD21,44710212 GVRD0268 Comp 8 -53um DTR Tails,49-44710212,GVRD0268-F-8,GVRD0268-F-8,Tails,16.1,60.7,1.22,0.05,0.96,2.35,0.15,0.03,2.8,0.3,0.03,0,0,0,0.01,0,0.01,0,0,0.01,0,0,0,0.01,1.2,0.4,6.62,2.17,9.19,28.68,22.663,,,,
71,50-44710213,,6,60,6,7,20,,,,0.5,,0.5,,,,,,,100,Tr,N9774XD21,44710213 GVRD0268 Comp 9 -53um DTR Tails,50-44710213,GVRD0268-F-9,GVRD0268-F-9,Tails,14.9,58.25,1.45,0.06,0.92,2.45,0.16,0.07,3.48,0.18,0.02,0.01,0,0,0.01,0,0.01,0,0,0,0,0,0,0.01,0.9,0.41,8.46,2.18,11.05,28.93,24.2,,,,
72,1-44710245,27,13,42,3,,12,,,0.5,,,,,3,,,,,100,Tr,N9821XD21,NSRD0796 Comp 2 -53um DTR Feed,1-44710245,NSRD0796-F-2,NSRD0796-F-2,Feed,35.2,39.7,1.4,0.06,0.56,0.44,0.12,0.06,1.8,0.35,0.03,0,0,0,0,0,0,0,0.01,0.01,0,0,0,0.01,25,0.49,4.33,-0.08,4.74,30.62,40.034,,,,
73,2-44710246,40,2,38,5,0.5,14,,,0.5,,,,,,,0.5,,,100,Tr,N9821XD21,NSRD0796 Comp 3 -53um DTR Feed,2-44710246,NSRD0796-F-3,NSRD0796-F-3,Feed,35.61,37.45,1.73,0.08,0.57,0.59,0.09,0.07,2.36,0.52,0.04,0,0,0,0,0,0.01,0,0.01,0.01,0,0,0,0.01,36.7,0.11,5.28,-0.34,5.05,24.39,40.085,,,,
74,3-44710247,39,1,40,4,2,13,,,0.5,,,,,,,0.5,,,100,Tr,N9821XD21,NSRD0796 Comp 4 -53um DTR Feed,3-44710247,NSRD0796-F-4,NSRD0796-F-4,Feed,35.04,39.61,1.14,0.05,0.6,0.79,0.1,0.03,1.98,0.26,0.04,0,0,0,0,0,0,0,0.01,0.01,0,0,0,0.01,37.7,0.08,5.11,-0.45,4.74,30.04,40.009,,,,
75,4-44710248,34,0.5,35,6,2,21,,,0.5,,,,,,,,,,100,Tr,N9821XD21,NSRD0796 Comp 5 -53um DTR Feed,4-44710248,NSRD0796-F-5,NSRD0796-F-5,Feed,35.67,35.33,1.45,0.07,0.62,0.71,0.1,0.08,2.41,0.31,0.07,0,0,0,0,0,0.01,0,0.01,0.01,0,0,0,0.01,33.3,0.33,7.31,-0.35,7.29,30.06,40.053,,,,
76,5-44710249,28,0.5,35,3,1,29,,,0.5,,,,2,,,,,,100,Tr,N9821XD21,NSRD0796 Comp 6 -53um DTR Feed,5-44710249,NSRD0796-F-6,NSRD0796-F-6,Feed,34.44,34.82,1.28,0.05,0.6,0.67,0.1,0.06,2.25,0.35,0.2,0,0,0,0,0,0,0,0.01,0.01,0,0,0,0.01,26.9,2.22,8.01,-0.23,10,25.87,40.036,,,,
77,6-44710250,35,2,38,3,2,20,,,0.5,,,,,,,,,,100,Tr,N9821XD21,NSRD0796 Comp 7 -53um DTR Feed,6-44710250,NSRD0796-F-7,NSRD0796-F-7,Feed,35.36,36.67,1.1,0.05,0.59,0.79,0.08,0.02,2.02,0.29,0.21,0,0,0,0,0,0,0,0.01,0.01,0,0,0,0.01,32.5,0.27,7.21,-0.31,7.17,28.04,40.041,,,,
78,7-44710251,,5,64,7,,19,,,1,,,,,4,,,,,100,Tr,N9821XD21,NSRD0796 Comp 2 -53um DTR Tails,7-44710251,NSRD0796-F-2,NSRD0796-F-2,Tails,15.78,60.81,2.15,0.09,0.84,0.68,0.19,0.09,2.72,0.55,0.02,0.02,0,0,0.01,0,0.01,0,0,0.01,0,0,0,0.01,1.2,1.03,7.14,0.33,8.5,20.22,24.579,,,,
79,8-44710252,,2,61,9,2,24,,,1,,,,,,,1,,,100,Tr,N9821XD21,NSRD0796 Comp 3 -53um DTR Tails,8-44710252,NSRD0796-F-3,NSRD0796-F-3,Tails,13.56,59.51,2.8,0.11,0.92,0.96,0.15,0.11,3.85,0.81,0.03,0.01,0,0,0.01,0,0.02,0,0,0.01,0,0,0,0.01,1.2,0.47,9.76,0.24,10.47,17.58,22.523,,,,
80,9-44710253,,1,66,7,3,21,,,0.5,,,,,,,0.5,,,100,Tr,N9821XD21,NSRD0796 Comp 4 -53um DTR Tails,9-44710253,NSRD0796-F-4,NSRD0796-F-4,Tails,12.06,64.15,1.85,0.08,0.96,1.27,0.17,0.05,3.17,0.42,0.04,0.01,0,0,0.01,0.01,0.01,0,0,0.01,0,0,0,0.02,1,0.38,9.36,0.21,9.95,22.08,22.776,,,,
81,10-44710254,,1,56,8,2,32,,,0.5,,,,,,,,,,100,Tr,N9821XD21,NSRD0796 Comp 5 -53um DTR Tails,10-44710254,NSRD0796-F-5,NSRD0796-F-5,Tails,16.6,53.54,2.25,0.09,0.93,1.11,0.16,0.12,3.7,0.47,0.07,0.01,0,0,0.01,0,0.01,0,0,0.01,0,0,0,0.01,1.2,0.61,12.18,0.22,13.01,17.58,24.224,,,,
82,11-44710255,,1,49,4,2,40,,,0.5,,,,3,,,,,,100,Tr,N9821XD21,NSRD0796 Comp 6 -53um DTR Tails,11-44710255,NSRD0796-F-6,NSRD0796-F-6,Tails,19.52,48.64,1.81,0.07,0.82,0.92,0.14,0.08,3.1,0.5,0.26,0.01,0,0,0.01,0,0.01,0,0,0.01,0,0,0,0.01,0.9,6.19,8.62,0.2,15.01,20.83,27.686,,,,
83,12-44710256,,3,56,4,3,30,,,0.5,,,,3,,,,,,100,Tr,N9821XD21,NSRD0796 Comp 7 -53um DTR Tails,12-44710256,NSRD0796-F-7,NSRD0796-F-7,Tails,16.68,55.01,1.69,0.07,0.87,1.22,0.12,0.04,3.07,0.43,0.28,0.01,0,0,0.01,0,0.01,0,0,0,0,0,0,0.01,1.3,0.74,11.77,0.2,12.71,25.64,24.599,,,,
84,13-44710257,28,5,39,4,0.5,22,,,,,,0.5,0.5,,,,,,100,Tr,N9821XD21,GVRD0267 Comp 4 -53um DTR Feed,13-44710257,GVRD0267-F-4,GVRD0267-F-4,Feed,34.61,37.2,1.27,0.06,0.46,0.8,0.11,0.1,1.86,0.14,0.05,0,0,0.01,0,0,0,0,0.01,0,0,0,0,0.01,27.81,1.06,6.74,-0.02,7.78,31.5,40.07,,,,
85,14-44710258,27,4,42,5,1,20,,,,,,0.5,,,,,,,100,Tr,N9821XD21,GVRD0267 Comp 5 -53um DTR Feed,14-44710258,GVRD0267-F-5,GVRD0267-F-5,Feed,32.79,40.07,1.53,0.06,0.4,0.88,0.12,0.13,1.89,0.11,0.02,0,0,0.01,0,0,0,0,0.01,0,0,0,0,0.01,26.43,0.61,6.5,0.05,7.16,32.37,40,,,,
86,15-44710259,26,4,41,6,2,21,,,,,,1,,,,,,,100,Tr,N9821XD21,GVRD0267 Comp 6 -53um DTR Feed,15-44710259,GVRD0267-F-6,GVRD0267-F-6,Feed,32.32,40.37,1.58,0.07,0.47,0.79,0.1,0.11,2.07,0.15,0.03,0,0,0,0,0,0,0,0.01,0,0,0,0,0.01,26.23,0.48,6.93,0.04,7.45,34.11,39.98,,,,
87,16-44710260,26,8,41,3,2,19,,,,,,1,,,,,,,100,Tr,N9821XD21,GVRD0267 Comp 7 -53um DTR Feed,16-44710260,GVRD0267-F-7,GVRD0267-F-7,Feed,33.45,40.12,0.98,0.04,0.46,0.9,0.12,0.09,1.79,0.13,0.02,0,0,0,0,0,0,0,0.01,0,0,0,0,0.01,25.74,0.45,6.36,0.11,6.92,36.95,40.01,,,,
88,17-44710261,30,4,42,3,2,19,,,,,,0.5,,,,,,,100,Tr,N9821XD21,GVRD0267 Comp 8 -53um DTR Feed,17-44710261,GVRD0267-F-8,GVRD0267-F-8,Feed,33.68,39.97,1,0.05,0.45,0.93,0.12,0.06,1.63,0.17,0.02,0,0,0,0,0,0,0,0.01,0,0,0,0,0.01,29.59,0.5,6.17,0.04,6.71,35.41,39.96,,,,
89,18-44710262,25,1,41,7,1,25,,,,,,0.5,,,,,,,100,Tr,N9821XD21,GVRD0267 Comp 9 -53um DTR Feed,18-44710262,GVRD0267-F-9,GVRD0267-F-9,Feed,31.48,40.16,1.6,0.07,0.53,0.73,0.09,0.35,2.29,0.13,0.02,0,0,0,0,0,0,0,0.02,0,0,0,0,0.01,25.05,0.09,8.41,0.38,8.88,32.54,39.99,,,,
90,19-44710263,,7,54,5,2,30,,,,,,1,,,,,,,100,Tr,N9821XD21,GVRD0267 Comp 4 -53um DTR Tails,19-44710263,GVRD0267-F-4,GVRD0267-F-4,Tails,20.18,51.59,1.75,0.07,0.61,1.08,0.15,0.15,2.51,0.2,0.05,0,0,0,0.01,0,0,0,0,0,0,0,0,0.01,0.86,1.9,9.68,0.54,12.12,27.88,27.46,,,,
91,20-44710264,,5,57,8,3,26,,,,,,0.5,,,,,,,100,Tr,N9821XD21,GVRD0267 Comp 5 -53um DTR Tails,20-44710264,GVRD0267-F-5,GVRD0267-F-5,Tails,18.39,54.99,2.08,0.09,0.54,1.19,0.16,0.18,2.55,0.15,0.02,0.01,0,0,0.01,0,0,0,0.01,0,0,0,0,0.01,0.98,0.26,9.97,0.79,11.02,24.76,27.61,,,,
92,21-44710265,,6,58,7,2,26,,,,,,1,,,,,,,100,Tr,N9821XD21,GVRD0267 Comp 6 -53um DTR Tails,21-44710265,GVRD0267-F-6,GVRD0267-F-6,Tails,18.09,55.52,2.14,0.09,0.62,1.04,0.14,0.15,2.73,0.2,0.03,0.01,0,0,0.01,0,0,0,0.01,0,0,0,0.01,0.01,0.86,0.28,9.96,0.78,11.02,22.89,28.15,,,,
93,22-44710266,,9,58,4,3,24,,,,,,1,,,,,,,100,Tr,N9821XD21,GVRD0267 Comp 7 -53um DTR Tails,22-44710266,GVRD0267-F-7,GVRD0267-F-7,Tails,19.48,54.83,1.39,0.07,0.6,1.2,0.15,0.12,2.39,0.2,0.02,0,0,0,0.01,0,0,0,0.01,0,0,0,0,0.01,1.11,0.34,9.45,0.82,10.61,21.65,28.31,,,,
94,23-44710267,,6,60,4,3,26,,,,,,1,,,,,,,100,Tr,N9821XD21,GVRD0267 Comp 8 -53um DTR Tails,23-44710267,GVRD0267-F-8,GVRD0267-F-8,Tails,17.02,57.99,1.48,0.06,0.62,1.3,0.17,0.09,2.29,0.25,0.02,0,0,0,0.01,0,0,0,0,0,0,0,0,0.01,0.98,0.21,9.83,0.88,10.92,27.59,26.37,,,,
95,24-44710268,,2,56,8,2,32,,,,,,0.5,,,,,,,100,Tr,N9821XD21,GVRD0267 Comp 9 -53um DTR Tails,24-44710268,GVRD0267-F-9,GVRD0267-F-9,Tails,17.8,53.24,2.08,0.08,0.68,0.95,0.12,0.46,2.98,0.17,0.02,0.01,0,0,0.01,0,0,0,0.01,0.01,0,0,0,0.01,0.98,0.24,11.49,1.12,12.85,25.28,29.07,,,,
96,25-44710269,31,9,42,4,,11,,,0.5,,,,,2,,,,,100,Tr,N9821XD21,GVRD0269 Comp 2 -53um DTR Feed,25-44710269,GVRD0269-F-2,GVRD0269-F-2,Feed,35.75,39.58,1.35,0.07,0.63,0.56,0.14,0.1,1.5,0.24,0.01,0,0,0,0,0,0,0.01,0.01,0,0,0,0,0.01,31.03,0.25,3.65,-0.08,3.82,32.59,40,,,,
97,26-44710270,28,1,35,8,,20,,,0.5,,,,,,,7,,,100,Tr,N9821XD21,GVRD0269 Comp 3 -53um DTR Feed,26-44710270,GVRD0269-F-3,GVRD0269-F-3,Feed,33.36,38.94,1.75,0.08,0.5,0.51,0.13,0.13,2.42,0.19,0.03,0,0,0,0,0,0.01,0,0.01,0,0,0,0,0.01,29.2,0.16,7.08,-0.08,7.16,35.61,39.96,,,,
98,27-44710271,30,1,39,7,,21,,,,,,,,,,2,,,100,Tr,N9821XD21,GVRD0269 Comp 4 -53um DTR Feed,27-44710271,GVRD0269-F-4,GVRD0269-F-4,Feed,35.38,37.23,1.71,0.08,0.57,0.54,0.15,0.13,1.98,0.05,0.02,0,0,0,0,0,0,0,0.02,0.01,0,0,0,0.01,32.58,0.14,6.45,-0.12,6.47,32.39,40.01,,,,
99,28-44710272,35,1,40,6,,16,,,0.5,,,,,1,,,,,100,Tr,N9821XD21,GVRD0269 Comp 5 -53um DTR Feed,28-44710272,GVRD0269-F-5,GVRD0269-F-5,Feed,34.05,40.47,1.93,0.09,0.59,0.38,0.1,0.15,1.74,0.19,0.01,0,0,0,0,0,0,0,0.02,0.02,0,0,0,0.01,32.29,0.16,5.12,-0.07,5.21,32.4,40.07,,,,
100,29-44710273,37,4,39,3,4,12,,,0.5,,,0.5,,,,,,,100,Tr,N9821XD21,GVRD0269 Comp 6 -53um DTR Feed,29-44710273,GVRD0269-F-6,GVRD0269-F-6,Feed,35.17,38.85,1.03,0.05,0.6,1.28,0.11,0.05,1.76,0.31,0.01,0,0,0.02,0,0,0,0,0.01,0,0,0,0,0.01,34.41,-0.05,4.3,0.62,4.87,38.14,39.98,,,,
101,30-44710274,38,5,37,3,5,11,,,0.5,,,0.5,,,,,,,100,Tr,N9821XD21,GVRD0269 Comp 7 -53um DTR Feed,30-44710274,GVRD0269-F-7,GVRD0269-F-7,Feed,35.7,38.6,1.15,0.05,0.6,1.27,0.12,0.1,1.83,0.41,0.01,0,0,0,0,0,0,0,0.01,0.01,0,0,0,0.01,35.67,-0.07,3.72,0.54,4.19,34.01,39.98,,,,
102,31-44710275,,7,65,7,,17,,,0.5,,,,,3,,,,,100,Tr,N9821XD21,GVRD0269 Comp 2 -53um DTR Tails,31-44710275,GVRD0269-F-2,GVRD0269-F-2,Tails,15.56,62.27,2.09,0.08,0.95,0.65,0.2,0.14,2.26,0.39,0.02,0,0,0,0.01,0,0.01,0,0.01,0.01,0,0,0,0.01,0.89,0.58,6.45,0.64,7.67,35.81,24.06,,,,
103,32-44710276,1,0.5,52,10,,28,,,0.5,,,,,,,8,,,100,Tr,N9821XD21,GVRD0269 Comp 3 -53um DTR Tails,32-44710276,GVRD0269-F-3,GVRD0269-F-3,Tails,16.72,55.89,2.49,0.1,0.69,0.66,0.18,0.19,3.35,0.25,0.05,0.01,0,0,0.01,0,0.01,0,0,0,0,0,0,0.01,0.89,0.36,10.54,0.74,11.64,20.94,26.864,,,,
104,33-44710277,0.5,0.5,55,11,,29,,,,,,,,,,4,,,100,Tr,N9821XD21,GVRD0269 Comp 4 -53um DTR Tails,33-44710277,GVRD0269-F-4,GVRD0269-F-4,Tails,16.62,55.92,2.58,0.11,0.84,0.8,0.22,0.2,2.97,0.07,0.03,0.01,0,0,0.01,0,0,0,0.01,0,0,0,0,0.01,1.02,0.4,10.47,0.6,11.47,24.09,25.091,,,,
105,34-44710278,0.5,1,62,12,,23,,,0.5,,,,,,,,,,100,Tr,N9821XD21,GVRD0269 Comp 5 -53um DTR Tails,34-44710278,GVRD0269-F-5,GVRD0269-F-5,Tails,14.83,60.89,2.85,0.12,0.86,0.55,0.14,0.23,2.55,0.29,0.04,0.01,0,0,0.01,0,0.01,0,0,0.01,0,0,0.01,0.01,1.29,0.47,8.38,0.7,9.55,28.01,24.371,,,,
106,35-44710279,0.5,6,64,4,6,18,,,0.5,,,0.5,,,,,,,100,Tr,N9821XD21,GVRD0269 Comp 6 -53um DTR Tails,35-44710279,GVRD0269-F-6,GVRD0269-F-6,Tails,13.98,61.86,1.61,0.06,0.91,1.91,0.17,0.08,2.67,0.48,0.02,0,0,0,0.01,0,0.01,0,0,0,0,0,0,0.01,1.15,0.22,7.47,1.81,9.5,31.22,24.111,,,,
107,36-44710280,0.5,7,63,4,7,16,,,1,,,0.5,,,,,,,100,Tr,N9821XD21,GVRD0269 Comp 7 -53um DTR Tails,36-44710280,GVRD0269-F-7,GVRD0269-F-7,Tails,13.99,61.88,1.8,0.07,0.91,1.93,0.18,0.16,2.81,0.63,0.02,0,0,0,0.01,0,0.01,0,0,0,0,0,0,0.01,1.15,0.19,6.77,1.71,8.67,29.89,23.323,,,,
108,37-44710282,84,,8,1,,4,,,,,,,,,,2,,,100,Tr,N9821XD21,NSRD0797 Comp 3 -53um DTR Cons,37-44710282,NSRD0797-F-3,NSRD0797-F-3,Cons,63.98,8.81,0.32,0.04,0.1,0.11,0.02,0.01,0.54,0.03,0.02,0,0,0,0,0,0,0,0.02,0.01,0,0,0,0,83.8,-1.38,-0.19,0,-1.57,44.81,13.717,,,,
109,38-44710283,87,,8,0.5,,2,,,,,,,,,,3,,,100,Tr,N9821XD21,NSRD0797 Comp 4 -53um DTR Cons,38-44710283,NSRD0797-F-4,NSRD0797-F-4,Cons,65,8.52,0.21,0.02,0.09,0.11,0.02,0,0.39,0.05,0.02,0,0,0,0,0,0,0,0.02,0.01,0,0,0,0,86.7,-1.42,-0.31,-0.59,-2.32,43.5,16.457,,,,
110,39-44710284,85,,9,1,,2,,,,,,,,,,3,,,100,Tr,N9821XD21,NSRD0797 Comp 8 -53um DTR Cons,39-44710284,NSRD0797-F-8,NSRD0797-F-8,Cons,63.8,9.74,0.29,0.03,0.1,0.1,0.02,0.01,0.48,0.06,0.03,0,0,0,0,0,0,0,0.02,0.01,0,0,0,0,83.8,-1.31,-0.27,-0.47,-2.05,43.39,16.868,,,,
111,40-44710285,85,,9,0.5,,2,,,,,,,,,,3,,,100,Tr,N9821XD21,NSRD0797 Comp 9 -53um DTR Cons,40-44710285,NSRD0797-F-9,NSRD0797-F-9,Cons,63.61,9.74,0.27,0.03,0.11,0.14,0.03,0.01,0.47,0.1,0.02,0,0,0,0,0,0,0,0.02,0.01,0,0,0,0,83.7,-1.33,-0.34,-0.5,-2.17,44.19,18.915,,,,
112,41-44710286,90,,7,,,1,,,,,,,,,,2,,,100,Tr,N9821XD21,NSRD0797 Comp 13 -53um DTR Cons,41-44710286,NSRD0797-F-13,NSRD0797-F-13,Cons,65.02,8.45,0.23,0.02,0.08,0.12,0.02,0,0.33,0.15,0.02,0,0,0,0,0,0,0,0.02,0.01,0,0,0,0,87.5,-1.35,-0.41,-0.85,-2.61,43.77,18.932,,,,
113,42-44710287,83,,7,1,,3,,,,,,,,,,6,,,100,Tr,N9821XD21,NSRD0797 Comp 14 -53um DTR Cons,42-44710287,NSRD0797-F-14,NSRD0797-F-14,Cons,62.99,10.01,0.5,0.05,0.1,0.11,0.02,0.02,0.64,0.12,0.03,0,0,0,0,0,0.01,0.01,0.04,0.01,0,0,0,0,82.5,-1.22,-0.19,-0.33,-1.74,45.57,12.765,,,,
114,43-44710288,79,12,6,0.5,,1,,,0.5,,,,,,,0.5,,,100,Tr,N9821XD21,NSRD0799 Comp 5 -53um DTR Cons,43-44710288,NSRD0799-F-5,NSRD0799-F-5,Cons,66.9,5.53,0.42,0.04,0.04,0.06,0.01,0.01,0.19,0.23,0.03,0.01,0,0.01,0,0,0.01,0.01,0.1,0.02,0,0,0,0,74.85,-0.3,-0.76,-1.18,-2.24,43.85,9.85,,,,
115,44-44710289,93,0.5,6,,,,,,,,,,,,,0.5,,,100,Tr,N9821XD21,NSRD0799 Comp 6 -53um DTR Cons,44-44710289,NSRD0799-F-6,NSRD0799-F-6,Cons,66.18,6.89,0.44,0.03,0.05,0.1,0.01,0.01,0.27,0.25,0.04,0,0,0,0,0,0.01,0.01,0.08,0.02,0,0,0,0,83.27,-0.42,-0.73,-1.35,-2.5,44.8,13.68,,,,
116,45-44710290,91,0.5,6,0.5,,1,,,,,,,,,,0.5,,,100,Tr,N9821XD21,NSRD0799 Comp 10 -53um DTR Cons,45-44710290,NSRD0799-F-10,NSRD0799-F-10,Cons,66.92,6.19,0.3,0.03,0.05,0.08,0.01,0.01,0.29,0.12,0.02,0,0,0.01,0,0,0.01,0.01,0.05,0.01,0,0,0,0,85,-0.43,-0.79,-1.29,-2.51,42.86,13.242,,,,
117,46-44710291,90,0.5,7,,,1,,,0.5,,,,,,,0.5,,,100,Tr,N9821XD21,NSRD0799 Comp 12 -53um DTR Cons,46-44710291,NSRD0799-F-12,NSRD0799-F-12,Cons,64.72,8.54,0.59,0.04,0.06,0.1,0.01,0.01,0.31,0.36,0.06,0,0,0,0,0,0.01,0.01,0.07,0.02,0,0,0,0,82.12,-0.42,-0.76,-1.27,-2.45,43.79,14.215,,,,
118,47-44710292,90,,7,0.5,,0.5,,,0.5,,,,,,,0.5,,,100,Tr,N9821XD21,NSRD0799 Comp 13 -53um DTR Cons,47-44710292,NSRD0799-F-13,NSRD0799-F-13,Cons,65.47,7.62,0.59,0.04,0.06,0.1,0.02,0.02,0.31,0.33,0.02,0.01,0,0.01,0,0,0.01,0.01,0.08,0.01,0,0,0,0,84.2,-0.4,-0.84,-1.26,-2.5,41.69,12.294,,,,
119,48-44710293,90,,6,1,,1,,,0.5,,,,,,,1,,,100,Tr,N9821XD21,NSRD0799 Comp 14 -53um DTR Cons,48-44710293,NSRD0799-F-14,NSRD0799-F-14,Cons,65.42,7.19,0.69,0.06,0.05,0.1,0.01,0.01,0.38,0.3,0.02,0.01,0,0,0,0,0.01,0.02,0.18,0.01,0,0,0,0,83.46,-0.25,-0.78,-1.32,-2.35,44.96,7.697,,,,
120,49-44710294,91,,4,2,,1,,,,,,,,,,2,,,100,Tr,N9821XD21,NSRD0799 Comp 16 -53um DTR Cons,49-44710294,NSRD0799-F-16,NSRD0799-F-16,Cons,66.06,6.13,0.65,0.07,0.04,0.07,0.01,0.02,0.38,0.22,0.02,0.01,0,0,0,0,0.01,0.02,0.21,0.01,0,0,0,0,84.99,-0.26,-0.75,-1.35,-2.36,44.46,7.805,,,,
121,50-44710295,86,,7,2,,2,,,0.5,,,,,,,2,,,100,Tr,N9821XD21,NSRD0799 Comp 17 -53um DTR Cons,50-44710295,NSRD0799-F-17,NSRD0799-F-17,Cons,65.09,7.66,0.71,0.06,0.05,0.1,0.01,0.02,0.38,0.28,0.02,0.01,0,0,0,0,0.02,0.01,0.14,0.01,0,0,0,0,85.6,-0.24,-0.72,-1.36,-2.32,47,7.682,,,,
122,51-44710296,88,0.5,9,0.5,,1,,,,,,,,,,0.5,,,100,Tr,N9821XD21,NSRD0800 Comp 4 -53um DTR Cons,51-44710296,NSRD0800-F-4,NSRD0800-F-4,Cons,64.78,8.33,0.38,0.03,0.07,0.1,0.02,0.01,0.31,0.19,0.03,0,0,0,0,0.01,0.01,0,0.04,0.01,0,0,0,0.01,81.6,-0.62,-1.27,-0.38,-2.27,43.99,14.505,,,,
123,52-44710297,88,,7,2,,2,,,,,,,,,,1,,,100,Tr,N9821XD21,NSRD0800 Comp 5 -53um DTR Cons,52-44710297,NSRD0800-F-5,NSRD0800-F-5,Cons,64.02,8.69,0.65,0.05,0.07,0.11,0.02,0.04,0.42,0.26,0.03,0.01,0,0,0,0.01,0.02,0.01,0.09,0.01,0,0,0,0.01,83.3,-0.68,-1.18,-0.29,-2.15,42.16,10.796,,,,
124,53-44710298,89,,7,2,,0.5,,,,,,,,,,1,,,100,Tr,N9821XD21,NSRD0800 Comp 6 -53um DTR Cons,53-44710298,NSRD0800-F-6,NSRD0800-F-6,Cons,64.44,7.94,0.81,0.07,0.04,0.1,0.01,0.02,0.45,0.27,0.03,0.01,0,0,0,0,0.01,0.01,0.15,0.01,0,0,0,0,81.4,-0.75,-1.23,-0.25,-2.23,45.16,6.511,,,,
125,54-44710299,89,,6,2,,2,,,,,,,,,,1,,,100,Tr,N9821XD21,NSRD0800 Comp 8 -53um DTR Cons,54-44710299,NSRD0800-F-8,NSRD0800-F-8,Cons,64.92,6.92,0.74,0.07,0.06,0.08,0.01,0.02,0.48,0.21,0.02,0.02,0,0,0,0,0.01,0.02,0.26,0.01,0,0,0,0.01,81.8,-0.55,-1.22,-0.2,-1.97,43.74,5.271,,,,
126,55-44710300,90,,6,2,,1,,,,,,,,,,0.5,,,100,Tr,N9821XD21,NSRD0800 Comp 11 -53um DTR Cons,55-44710300,NSRD0800-F-11,NSRD0800-F-11,Cons,65.24,7.45,0.59,0.05,0.05,0.07,0.01,0.02,0.38,0.25,0.01,0.01,0,0,0,0,0.01,0.01,0.06,0.01,0,0,0,0.01,83.7,-0.86,-1.17,-0.34,-2.37,44.62,12.142,,,,
127,56-44710301,93,,6,0.5,,,,,,,,,,,,0.5,,,100,Tr,N9821XD21,NSRD0800 Comp 15 -53um DTR Cons,56-44710301,NSRD0800-F-15,NSRD0800-F-15,Cons,65.22,7.33,0.66,0.05,0.05,0.09,0.01,0.02,0.34,0.37,0.02,0.01,0,0,0,0,0.01,0.01,0.06,0.01,0,0,0,0.01,85.4,-0.93,-1.11,-0.37,-2.41,43.2,13.593,,,,
128,57-44710302,88,6,4,0.5,,0.5,,,,,,,,,,0.5,,,100,Tr,N9821XD21,NSRD0801 Comp 3 -53um DTR Cons,57-44710302,NSRD0801-F-3,NSRD0801-F-3,Cons,67.86,4.61,0.3,0.02,0.03,0.11,0.01,0.01,0.18,0.15,0,0,0,0,0,0,0,0.01,0.05,0.01,0,0,0,0,84.4,-0.4,-0.97,-1.21,-2.58,42.45,12.338,,,,
129,58-44710303,94,0.5,4,0.5,,0.5,,,,,,,,,,0.5,,,100,Tr,N9821XD21,NSRD0801 Comp 4 -53um DTR Cons,58-44710303,NSRD0801-F-4,NSRD0801-F-4,Cons,67.94,4.52,0.31,0.03,0.03,0.12,0.01,0.01,0.18,0.16,0.01,0,0,0,0,0.01,0.01,0.01,0.05,0.01,0,0,0,0,89,-0.41,-1.06,-1.22,-2.69,42.63,12.924,,,,
130,59-44710304,92,,5,1,,1,,,,,,,,,,1,,,100,Tr,N9821XD21,NSRD0801 Comp 5 -53um DTR Cons,59-44710304,NSRD0801-F-5,NSRD0801-F-5,Cons,67.39,5.2,0.31,0.03,0.03,0.11,0.01,0.01,0.23,0.13,0.02,0,0,0,0,0,0.01,0.01,0.06,0.01,0,0,0,0,88.4,-0.38,-0.91,-1.3,-2.59,44.34,9.995,,,,
131,60-44710305,93,,3,0.5,,1,,,,,,,,,,1,,,100,Tr,N9821XD21,NSRD0801 Comp 6 -53um DTR Cons,60-44710305,NSRD0801-F-6,NSRD0801-F-6,Cons,67.88,4.15,0.37,0.04,0.04,0.12,0.01,0.01,0.29,0.09,0.01,0,0,0,0,0,0,0.01,0.12,0.01,0,0,0,0,89.2,-0.32,-0.81,-1.31,-2.44,45.23,5.514,,,,
132,61-44710306,94,,4,0.5,,0.5,,,,,,,,,,1,,,100,Tr,N9821XD21,NSRD0801 Comp 7 -53um DTR Cons,61-44710306,NSRD0801-F-7,NSRD0801-F-7,Cons,67.57,4.69,0.36,0.04,0.03,0.12,0.02,0.02,0.3,0.08,0.02,0,0,0,0,0,0,0.01,0.09,0.01,0,0,0,0,88.6,-0.33,-1.04,-1.17,-2.54,44.86,4.883,,,,
133,62-44710307,93,,3,0.5,,0.5,,,,,,,,,,2,,,100,Tr,N9821XD21,NSRD0801 Comp 8 -53um DTR Cons,62-44710307,NSRD0801-F-8,NSRD0801-F-8,Cons,67.9,4.35,0.35,0.03,0.03,0.14,0.02,0.01,0.3,0.13,0.04,0,0,0,0,0,0,0.01,0.05,0.01,0,0,0,0,89.4,-0.42,-1,-1.23,-2.65,43.82,11.261,,,,
134,63-44710308,67,23,7,0.5,,2,,,,,,,,,,,,,100,Tr,N9821XD21,NSRD0796 Comp 2 -53um DTR Cons,63-44710308,NSRD0796-F-2,NSRD0796-F-2,Cons,65.29,6.99,0.2,0.02,0.09,0.05,0.02,0.01,0.27,0.05,0.01,0,0,0,0,0,0,0.01,0.02,0.01,0,0,0,0,63.1,-0.13,-0.32,-0.75,-1.2,36.64,15.455,,,,
135,64-44710309,87,0.5,9,1,,2,,,0.5,,,,,,,,,,100,Tr,N9821XD21,NSRD0796 Comp 3 -53um DTR Cons,64-44710309,NSRD0796-F-3,NSRD0796-F-3,Cons,63.97,9.39,0.36,0.03,0.09,0.09,0.02,0.01,0.37,0.14,0.01,0,0,0,0,0,0,0,0.03,0.01,0,0,0,0,84.1,-0.26,-0.69,-1.03,-1.98,41.07,17.562,,,,
136,65-44710310,89,,8,0.5,,3,,,,,,,,,,,,,100,Tr,N9821XD21,NSRD0796 Comp 4 -53um DTR Cons,65-44710310,NSRD0796-F-4,NSRD0796-F-4,Cons,65.37,7.77,0.21,0.02,0.09,0.09,0.02,0.01,0.29,0.06,0.02,0,0,0,0,0,0,0,0.02,0.01,0,0,0,0,86.4,-0.3,-0.73,-1.22,-2.25,40.92,17.233,,,,
137,66-44710311,86,,8,1,,4,,,,,,,,,,,,,100,Tr,N9821XD21,NSRD0796 Comp 5 -53um DTR Cons,66-44710311,NSRD0796-F-5,NSRD0796-F-5,Cons,64.38,8.4,0.28,0.02,0.11,0.1,0.02,0.01,0.39,0.08,0.01,0,0,0,0,0,0,0,0.02,0.01,0,0,0,0,84.7,-0.26,-0.25,-1.15,-1.66,43.26,15.829,,,,
138,67-44710312,90,,6,,,4,,,,,,,,,,,,,100,Tr,N9821XD21,NSRD0796 Comp 6 -53um DTR Cons,67-44710312,NSRD0796-F-6,NSRD0796-F-6,Cons,66.67,5.51,0.18,0.02,0.09,0.09,0.02,0.01,0.28,0.06,0.04,0,0,0,0,0,0,0,0.03,0.01,0,0,0,0,86.8,-0.29,-0.39,-1.07,-1.75,40.02,12.35,,,,
139,68-44710313,88,0.5,8,,,3,,,,,,,,,,,,,100,Tr,N9821XD21,NSRD0796 Comp 7 -53um DTR Cons,68-44710313,NSRD0796-F-7,NSRD0796-F-7,Cons,64.57,8.44,0.24,0.02,0.1,0.09,0.02,0.01,0.3,0.07,0.05,0,0,0,0,0,0,0,0.02,0.01,0,0,0,0,84.9,-0.31,-0.42,-1.07,-1.8,40.07,15.442,,,,
140,69-44710314,89,3,6,,,2,,,,,,,,,,,,,100,Tr,N9821XD21,GVRD0267 Comp 4 -53um DTR Cons,69-44710314,GVRD0267-F-4,GVRD0267-F-4,Cons,66.74,6.3,0.14,0.02,0.07,0.07,0.02,0.01,0.21,0.02,0.01,0,0,0,0,0,0,0,0.02,0,0,0,0,0,86.58,-0.35,-0.64,-1.19,-2.18,45,12.61,,,,
141,70-44710315,89,1,6,,,2,,,,,,,,,,,2,,100,Tr,N9821XD21,GVRD0267 Comp 5 -53um DTR Cons,70-44710315,GVRD0267-F-5,GVRD0267-F-5,Cons,66.32,6.54,0.18,0.02,0.06,0.09,0.02,0.01,0.21,0.01,0.01,0,0,0.01,0,0,0,0,0.03,0.01,0,0,0,0,88.29,-0.34,-0.73,-1.21,-2.28,45.81,12.39,,,,
142,71-44710316,91,1,6,,,2,,,,,,,,,,,,,100,Tr,N9821XD21,GVRD0267 Comp 6 -53um DTR Cons,71-44710316,GVRD0267-F-6,GVRD0267-F-6,Cons,66.85,5.97,0.12,0.02,0.06,0.07,0.01,0.01,0.2,0.01,0.02,0,0,0.01,0,0,0,0,0.02,0.01,0,0,0,0,88.29,-0.37,-0.72,-1.2,-2.29,48.65,11.83,,,,
143,72-44710317,93,2,4,,,1,,,,,,,,,,,,,100,Tr,N9821XD21,GVRD0267 Comp 7 -53um DTR Cons,72-44710317,GVRD0267-F-7,GVRD0267-F-7,Cons,68.06,4.64,0.08,0.01,0.05,0.07,0.01,0.01,0.17,0.01,0.01,0,0,0.01,0,0,0,0,0.03,0.01,0,0,0,0,89.61,-0.44,-0.89,-1.19,-2.52,46.79,11.7,,,,
144,73-44710318,93,0.5,5,,,1,,,,,,,,,,,,,100,Tr,N9821XD21,GVRD0267 Comp 8 -53um DTR Cons,73-44710318,GVRD0267-F-8,GVRD0267-F-8,Cons,67.23,5.71,0.1,0.02,0.06,0.08,0.02,0.01,0.18,0.02,0.01,0,0,0.01,0,0,0.01,0,0.03,0.01,0,0,0,0.01,88.47,-0.42,-0.73,-1.23,-2.38,47.88,13.59,,,,
145,74-44710319,90,,6,,,2,,,,,,,,,,,2,,100,Tr,N9821XD21,GVRD0267 Comp 9 -53um DTR Cons,74-44710319,GVRD0267-F-9,GVRD0267-F-9,Cons,66.38,6.14,0.17,0.02,0.08,0.08,0.02,0.01,0.25,0.02,0.01,0,0,0.01,0,0,0,0,0.03,0,0,0,0,0,89.23,-0.34,-0.56,-1.22,-2.12,47.07,10.92,,,,
146,75-44710320,87,4,7,,,2,,,,,,,,,,,,,100,Tr,N9821XD21,GVRD0268 Comp 2 -53um DTR Cons,75-44710320,GVRD0268-F-2,GVRD0268-F-2,Cons,66.27,6.94,0.09,0.02,0.07,0.07,0.02,0,0.16,0.03,0,0,0,0,0,0,0,0.01,0.02,0.01,0,0,0,0,81.82,-0.44,-0.79,-1.06,-2.29,43.03,13.479,,,,
147,76-44710321,92,1,6,,,1,,,,,,,,,,,,,100,Tr,N9821XD21,GVRD0268 Comp 3 -53um DTR Cons,76-44710321,GVRD0268-F-3,GVRD0268-F-3,Cons,67.18,5.78,0.09,0.02,0.07,0.07,0.02,0.01,0.16,0.02,0,0,0,0,0,0,0,0,0.02,0.02,0,0,0,0,86.3,-0.43,-0.89,-1.11,-2.43,44.07,14.304,,,,
148,77-44710322,90,0.5,7,,,1,,,,,,,,,,,2,,100,Tr,N9821XD21,GVRD0268 Comp 4 -53um DTR Cons,77-44710322,GVRD0268-F-4,GVRD0268-F-4,Cons,66.58,6.59,0.15,0.02,0.08,0.06,0.02,0.01,0.17,0.01,0,0,0,0,0,0,0,0,0.02,0.01,0,0,0,0,86.6,-0.43,-0.98,-1.01,-2.42,41.11,16.706,,,,
149,78-44710323,90,1,6,,,2,,,,,,,,,,,2,,100,Tr,N9821XD21,GVRD0268 Comp 5 -53um DTR Cons,78-44710323,GVRD0268-F-5,GVRD0268-F-5,Cons,66.7,5.93,0.18,0.03,0.07,0.07,0.02,0.01,0.24,0,0.01,0,0,0,0,0,0,0.01,0.04,0.01,0,0,0,0,88.2,-0.31,-0.61,-1.14,-2.06,42.48,11.493,,,,
150,79-44710324,90,2,7,,,1,,,,,,,,,,,,,100,Tr,N9821XD21,GVRD0268 Comp 6 -53um DTR Cons,79-44710324,GVRD0268-F-6,GVRD0268-F-6,Cons,66.35,6.88,0.12,0.01,0.09,0.07,0.02,0,0.16,0.03,0.01,0,0,0,0,0,0,0,0.02,0.01,0,0,0,0,87.2,-0.46,-0.91,-1.02,-2.39,42.44,15.998,,,,
151,80-44710325,90,3,7,,,0.5,,,,,,,,,,,,,100,Tr,N9821XD21,GVRD0268 Comp 7 -53um DTR Cons,80-44710325,GVRD0268-F-7,GVRD0268-F-7,Cons,66.5,6.75,0.12,0.02,0.07,0.08,0.02,0,0.18,0.03,0.01,0,0,0,0,0.01,0,0,0.02,0.01,0,0,0,0,86.1,-0.5,-1.04,-0.96,-2.5,46.07,16.841,,,,
152,81-44710326,93,2,4,,,0.5,,,,,,,,,,,,,100,Tr,N9821XD21,GVRD0268 Comp 8 -53um DTR Cons,81-44710326,GVRD0268-F-8,GVRD0268-F-8,Cons,68.56,4.31,0.07,0.01,0.06,0.1,0.02,0,0.13,0.02,0.01,0,0,0,0,0.01,0,0,0.01,0.01,0,0,0,0,90.5,-0.6,-1.29,-0.98,-2.87,43.89,17.327,,,,
153,82-44710327,94,1,4,,,0.5,,,,,,,,,,,,,100,Tr,N9821XD21,GVRD0268 Comp 9 -53um DTR Cons,82-44710327,GVRD0268-F-9,GVRD0268-F-9,Cons,68.42,4.37,0.08,0.02,0.05,0.1,0.02,0,0.16,0.01,0,0,0,0,0,0.01,0,0,0.02,0.02,0,0,0,0,91.5,-0.53,-1.18,-1.08,-2.79,47.66,15.75,,,,
154,83-44710328,79,13,6,,,0.5,,,,,,,,,,,1,,100,Tr,N9821XD21,GVRD0269 Comp 2 -53um DTR Cons,83-44710328,GVRD0269-F-2,GVRD0269-F-2,Cons,66.77,5.67,0.2,0.02,0.08,0.08,0.03,0.01,0.2,0.02,0.01,0,0,0.01,0,0,0,0,0.03,0,0,0,0,0,77.48,-0.25,-0.86,-0.92,-2.03,44.81,15.94,,,,
155,84-44710329,90,2,5,,,2,,,,,,,,,,,1,,100,Tr,N9821XD21,GVRD0269 Comp 3 -53um DTR Cons,84-44710329,GVRD0269-F-3,GVRD0269-F-3,Cons,67.24,4.98,0.21,0.04,0.07,0.1,0.03,0.02,0.28,0.03,0.01,0,0,0.01,0,0,0,0.01,0.04,0.01,0,0,0,0,87.91,-0.23,-0.66,-1.32,-2.21,43.33,13.096,,,,
156,85-44710330,89,1,6,,,2,,,,,,,,,,,2,,100,Tr,N9821XD21,GVRD0269 Comp 4 -53um DTR Cons,85-44710330,GVRD0269-F-4,GVRD0269-F-4,Cons,66.14,6.38,0.21,0.03,0.09,0.1,0.03,0.01,0.26,0,0.01,0,0,0.01,0,0,0,0,0.03,0.01,0,0,0,0.01,88.29,-0.28,-0.52,-1.33,-2.13,44.27,14.919,,,,
157,86-44710331,88,0.5,7,,,2,,,,,,,,,,,3,,100,Tr,N9821XD21,GVRD0269 Comp 5 -53um DTR Cons,86-44710331,GVRD0269-F-5,GVRD0269-F-5,Cons,65.71,7.23,0.24,0.04,0.09,0.08,0.02,0.01,0.24,0.02,0.01,0,0,0.01,0,0,0.01,0,0.03,0.01,0,0,0,0,86.2,-0.2,-0.66,-1.3,-2.16,47.62,15.699,,,,
158,87-44710332,93,2,4,,,0.5,,,,,,,,,,,,,100,Tr,N9821XD21,GVRD0269 Comp 6 -53um DTR Cons,87-44710332,GVRD0269-F-6,GVRD0269-F-6,Cons,68.79,3.82,0.11,0.02,0.05,0.09,0.02,0.01,0.14,0.04,0.01,0,0,0.01,0,0,0,0,0.02,0.01,0,0,0,0,89.42,-0.4,-1.09,-1.31,-2.8,45.02,15.869,,,,
159,88-44710333,92,2,5,,,0.5,,,,,,,,,,,,,100,Tr,N9821XD21,GVRD0269 Comp 7 -53um DTR Cons,88-44710333,GVRD0269-F-7,GVRD0269-F-7,Cons,67.5,5.26,0.13,0.02,0.07,0.1,0.02,0.01,0.18,0.05,0,0,0,0.01,0,0,0,0,0.02,0,0,0,0,0,90.56,-0.39,-1.04,-1.28,-2.71,46.48,16.657,,,,
160,7-0040,27,3,40,4,6,12,0.5,,0.5,3,5,,,,,,,,100,Tr,N9606XD21,NSRD0801 Comp 3 -53um DTR Feed,7-0040,NSRD0801-F-3,NSRD0801-F-3,Feed,30.81,42.32,2.31,0.1,0.27,1.83,0.11,0.16,2.04,0.85,0.07,0,0,0,0,0,0.01,0,0.02,0.01,0,0,0,0.01,26,0.26,4.52,0.86,5.64,33.76,39.97,,,,
161,8-0041,28,1,38,4,7,12,0.5,,0.5,2,6,,,,,,,,100,Tr,N9606XD21,NSRD0801 Comp 4 -53um DTR Feed,8-0041,NSRD0801-F-4,NSRD0801-F-4,Feed,31.65,41.29,1.87,0.08,0.36,1.99,0.11,0.16,1.92,0.7,0.06,0,0,0,0,0,0,0,0.02,0.01,0,0,0,0.01,28.4,0.26,4.68,0.99,5.93,29.1,40.01,,,,
162,9-0042,23,1,39,5,5,14,0.5,0.5,0.5,0.5,10,,,,,,,,100,Tr,N9606XD21,NSRD0801 Comp 5 -53um DTR Feed,9-0042,NSRD0801-F-5,NSRD0801-F-5,Feed,29.17,43.79,2.5,0.1,0.31,1.49,0.11,0.29,2.32,0.81,0.08,0,0,0,0,0,0.01,0,0.02,0.01,0,0,0,0.01,22.3,0.28,5.27,0.66,6.21,30.47,39.95,,,,
163,10-0043,12,,33,9,6,17,2,0.5,0.5,4,16,,,,,,,,100,Tr,N9606XD21,NSRD0801 Comp 6 -53um DTR Feed,10-0043,NSRD0801-F-6,NSRD0801-F-6,Feed,25.38,44.2,3.76,0.15,0.37,1.8,0.12,0.47,3.06,1.08,0.1,0,0,0,0,0,0.01,0,0.03,0.01,0,0,0,0.01,12.4,0.5,6.78,1.1,8.38,34.64,40.02,,,,
164,11-0044,11,,37,10,5,13,1,1,0.5,5,16,,,,,,,,100,Tr,N9606XD21,NSRD0801 Comp 7 -53um DTR Feed,11-0044,NSRD0801-F-7,NSRD0801-F-7,Feed,23.43,48.14,4.38,0.18,0.29,1.54,0.12,0.7,2.96,1.25,0.1,0,0,0,0,0,0.01,0,0.04,0.01,0,0,0.01,0.01,11.6,0.44,5.23,1.16,6.83,36.96,39.95,,,,
165,12-0045,25,,34,5,5,14,0.5,0.5,0.5,2,13,,,,,,,,100,Tr,N9606XD21,NSRD0801 Comp 8 -53um DTR Feed,12-0045,NSRD0801-F-8,NSRD0801-F-8,Feed,30.42,40.93,2.38,0.1,0.32,1.88,0.11,0.13,2.69,0.81,0.09,0,0,0,0,0,0.01,0,0.02,0.01,0,0,0,0.01,24.6,0.38,5.36,0.99,6.73,30.55,40,,,,
166,13-0046,30,6,42,0.5,,21,,,,,,0.5,,,,,,,100,Tr,N9606XD21,GVRD0268 Comp 2 -53um DTR Feed,13-0046,GVRD0268-F-2,GVRD0268-F-2,Feed,35.46,38.25,0.97,0.04,0.57,0.47,0.12,0.04,1.49,0.3,0.01,0,0,0,0,0,0,0,0.01,0.01,0,0,0,0.01,29.03,1.28,5.5,-0.19,6.59,31.55,40.06,,,,
167,14-0047,32,1,41,3,,22,,0.5,,,,0.5,,,,,,,100,Tr,N9606XD21,GVRD0268 Comp 3 -53um DTR Feed,14-0047,GVRD0268-F-3,GVRD0268-F-3,Feed,35.11,38.62,0.96,0.04,0.61,0.42,0.1,0.13,1.55,0.19,0.02,0,0,0,0,0,0,0,0.01,0,0,0,0,0.01,31.4,1.4,5.38,-0.01,6.77,28.78,40.04,,,,
168,15-0048,37,2,40,5,,15,,0.5,,,,,,,,,,,100,Tr,N9606XD21,GVRD0268 Comp 4 -53um DTR Feed,15-0048,GVRD0268-F-4,GVRD0268-F-4,Feed,36.88,38.15,1.34,0.06,0.62,0.32,0.09,0.08,1.57,0.1,0.02,0,0,0,0,0,0,0,0.01,0,0,0,0,0,37.8,0.5,4.27,-0.21,4.56,28.13,40.03,,,,
169,16-0049,26,,41,8,,25,,,,,0.5,,,,,,,,100,Tr,N9606XD21,GVRD0268 Comp 5 -53um DTR Feed,16-0049,GVRD0268-F-5,GVRD0268-F-5,Feed,33.18,38.18,1.73,0.07,0.52,0.39,0.09,0.1,2.27,0.02,0.02,0,0,0,0,0,0,0,0.01,0.01,0,0,0,0,25.6,1.59,7.33,-0.11,8.81,27.61,40.02,,,,
170,17-0050,35,6,40,2,,16,,0.5,0.5,,,0.5,,,,,,,100,Tr,N9606XD21,GVRD0268 Comp 6 -53um DTR Feed,17-0050,GVRD0268-F-6,GVRD0268-F-6,Feed,37.21,37.79,1.08,0.05,0.65,0.34,0.09,0.06,1.4,0.26,0.02,0,0,0,0,0,0,0,0.01,0,0,0,0,0,34.6,0.5,4.36,-0.18,4.68,29.76,39.99,,,,
171,18-0051,38,7,39,1,,13,,,0.5,,,0.5,,,,,,,100,Tr,N9606XD21,GVRD0268 Comp 7 -53um DTR Feed,18-0051,GVRD0268-F-7,GVRD0268-F-7,Feed,38.48,36.7,0.93,0.04,0.59,0.44,0.11,0.04,1.49,0.27,0.03,0,0,0,0,0,0,0,0.01,0,0,0,0,0.01,36.1,0.13,4.07,-0.27,3.93,31.05,40,,,,
172,19-0052,39,6,38,2,5,9,,,0.5,,,0.5,,,,,,,100,Tr,N9606XD21,GVRD0268 Comp 8 -53um DTR Feed,19-0052,GVRD0268-F-8,GVRD0268-F-8,Feed,38.93,35.42,0.71,0.03,0.58,1.42,0.09,0.02,1.68,0.17,0.01,0,0,0,0,0,0,0,0,0,0,0,0,0.01,39.2,-0.05,3.24,0.65,3.84,32.46,39.99,,,,
173,20-0053,35,4,38,4,6,13,,,,,,0.5,,,,,,,100,Tr,N9606XD21,GVRD0268 Comp 9 -53um DTR Feed,20-0053,GVRD0268-F-9,GVRD0268-F-9,Feed,36.1,36.46,0.93,0.04,0.61,1.61,0.11,0.05,2.26,0.11,0.02,0,0,0,0,0,0.01,0,0,0,0,0,0,0.01,35.7,0.05,4.99,0.75,5.79,32.51,39.95,,,,
,NSD0037-1,41.3,0.8,25.5,0.5,0.1,18.9,,,,7.3,3.2,,1.4,,,,,,,,,,,,,,39.15,31.88,1.84,0.08,0.59,0.92,0.26,0.05,1.87,1.2,0.194,0.003,0,0,0.001,-0.001,0.017,0.005,0.021,0.006,0.001,0.001,0.003,0.009,42.2,,,,4.15,,,,,,
,NSD0037-2,15.4,2.1,44.3,1.6,6.9,24.6,,,,1,4.1,,,,,,,,,,,,,,,,25.2,46.59,0.72,0.03,1.07,1.8,0.15,0.02,2.66,0.36,0.121,0.003,0,0,0.002,0.001,0.006,-0.001,0.004,0.004,0.001,0.001,0.003,0.014,16.7,,,,10.24,,,,,,
,NSD0037-3,40.1,0.5,28.3,3.2,0.9,15.8,,,,6.4,4.9,,,,,,,,,,,,,,,,37.89,34.75,1.55,0.06,0.61,0.69,0.16,0.03,1.88,0.94,0.141,0.003,0,0,0.001,-0.001,0.013,0.002,0.019,0.007,0.001,0.001,0.003,0.008,39.4,,,,4.45,,,,,,
,NSD0037-4,50.1,0.6,23,5,0.5,8.3,,,,10.7,1.8,,,,,,,,,,,,,,,,42.36,31.86,2.13,0.07,0.37,0.15,0.03,0.01,1.28,1.55,0.062,0.003,0,0,0.002,-0.001,0.022,0.004,0.011,0.007,0.002,0.001,0.002,0.008,50.2,,,,1.66,,,,,,
,NSD0037-5,47.3,1,31.6,2.7,0,10.7,,,,5,1.7,,,,,,,,,,,,,,,,38.73,36.25,1.32,0.05,0.45,0.46,0.12,0.02,1.45,0.85,0.072,0.003,0,0,0.003,-0.001,0.012,0.002,0.01,0.005,0.001,0.002,0.003,0.009,42.8,,,,2.77,,,,,,
,NSD0037-6,34.4,1.3,41.3,2.4,0.7,13.8,,,,3.5,2.7,,,,,,,,,,,,,,,,32.1,44.32,1.09,0.05,0.55,0.66,0.14,0.01,1.87,0.59,0.078,0.002,0,0,0.001,-0.001,0.007,0.001,0.007,0.004,-0.001,-0.001,0.003,0.009,33,,,,4.31,,,,,,
,NSD0037-7,29.5,5.6,27.7,2.8,4.1,17.2,,,,5.6,5.6,,1.9,,,,,,,,,,,,,,33.86,35.55,1.78,0.08,0.62,2.5,0.63,0.2,2.14,0.93,0.206,0.004,0,0,0.003,0.003,0.016,0.003,0.031,0.007,0.001,-0.001,0.006,0.015,28.4,,,,5.46,,,,,,
,NSD0037-8,35.3,2.7,24.6,5.4,0.5,16.3,,,,7.5,5.9,,1.8,,,,,,,,,,,,,,35.39,33.48,2.32,0.1,0.58,2.06,0.61,0.21,2.3,1.16,0.232,0.004,0,0,0.004,0.003,0.019,0.003,0.031,0.009,0.001,0.001,0.005,0.013,33.2,,,,4.9,,,,,,
,NSD0037-9,32.7,2.6,44.9,3.7,0,10.7,,,,2.6,1.1,,1.8,,,,,,,,,,,,,,30.76,47.59,1.22,0.09,0.42,0.1,0.01,0.02,1.67,0.51,0.046,0.003,0,0,0.002,-0.001,0.008,0.003,0.007,0.005,0.001,0.002,0.003,0.009,30.4,,,,3.59,,,,,,
,NSD0037-10,12.9,0,3.5,11.6,1.6,0,,,,62.7,5.9,,1.8,,,,,,,,,,,,,,14.56,50.11,13.81,0.25,0.03,0.25,0.02,0,2.62,9.73,0.315,0.012,0,0,0.002,0.003,0.207,0.006,0.001,0.006,0.002,0.011,0.051,0.016,11.9,,,,1.64,,,,,,
,NSD0037-11,0.8,0,46.6,7.7,4.7,0,,,,25.5,13.4,,0.4,,,,,,,,,,,,,,7,72.6,6.32,0.07,0.04,0.68,0.04,0.75,2.6,4.1,0.256,0.011,0,0,0.004,0.003,0.062,0.004,0.005,0.006,0.002,0.005,0.015,0.011,1.55,,,,2.47,,,,,,
,NSD0037-12,4.3,0,13.1,14.1,3.2,0,,,,59.3,5.6,,0.3,,,,,,,,,,,,,,7.82,59.38,13.8,0.46,0.03,0.36,0.01,0.17,2.47,10.1,0.212,0.014,0,0,0.006,0.004,0.083,0.015,0.062,0.02,0.002,0.011,0.023,0.009,4.01,,,,1.94,,,,,,
,NSD0037-13,2.4,0,22.5,13.1,5.8,0,,,,53.5,2.3,,0.3,,,,,,,,,,,,,,6.46,62.55,12.35,0.55,0.06,0.97,0.01,0.34,2.31,9.02,0.124,0.012,0,0,0.008,0.005,0.055,0.019,0.088,0.029,0.001,0.011,0.013,0.01,2.78,,,,2.58,,,,,,
,NSD0037-14,10.6,0.1,27.1,14.5,0,34.1,,,,5,6.6,,1.9,,,,,,,,,,,,,,24.58,38.47,3.93,0.18,0.77,2.28,0.7,0.26,4.77,0.92,0.298,0.007,0,0,0.005,0.002,0.016,0.011,0.027,0.014,0.002,0.003,0.004,0.019,11,,,,11.38,,,,,,
,NSD0037-15,28,9.7,20.7,4.1,0,22.5,,,,1.7,9.2,,0.9,,,,,,,,,,,,,,39.05,27.56,1.32,0.09,0.62,1.82,0.53,0.04,2.87,0.31,0.175,0.003,0,0,0.004,-0.001,0.006,0.012,0.008,0.005,0.001,0.002,0.002,0.011,26.4,,,,7.55,,,,,,
,NSD0037-16,42.2,0.2,29.9,8.8,0,13,,,,2.5,2,,1.3,,,,,,,,,,,,,,38.34,34.77,2,0.07,0.49,0.06,0.01,0.01,2.3,0.46,0.173,0.003,0,0,0.001,-0.001,0.007,0.013,0.014,0.006,0.001,-0.001,0.002,0.006,40,,,,4.21,,,,,,
,NSD0037-17,42.9,0.2,29.4,8.5,0,13.5,,,,2.5,1.9,,1.1,,,,,,,,,,,,,,38.93,34.04,1.83,0.07,0.51,0.08,0.01,0.01,2.28,0.42,0.152,0.003,0,0,0.001,-0.001,0.007,0.013,0.013,0.006,0.001,-0.001,0.002,0.007,41.1,,,,4.38,,,,,,
,NSD0037-18,10.1,0,23.9,14.4,0,8.7,,,,15.8,17.4,,6.7,,,,,,,,,,,,,,19.38,51.23,7.17,0.29,0.26,0.07,0.01,0.16,4.72,2.7,0.827,0.01,0,0,0.004,0.002,0.037,0.013,0.049,0.021,0.001,0.004,0.007,0.013,47.7,,,,4.52,,,,,,
,NSD0037-19,11,0,20.8,19,0.8,4.5,,,,30.5,9.9,,0.4,,,,,,,,,,,,,,17.41,50.77,9.56,0.43,0.18,0.22,0.03,0.13,4.26,5,0.327,0.011,0,0,0.005,0.003,0.056,0.018,0.074,0.028,0.001,0.003,0.008,0.009,10.3,,,,3.66,,,,,,
,NSD0037-20,13.9,0,26.4,14.2,0,8.1,,,,19.5,11.4,,4.4,,,,,,,,,,,,,,20.16,50.91,7.14,0.32,0.24,0.15,0.04,0.16,3.88,3.18,0.526,0.008,0,0,0.005,0.002,0.05,0.013,0.055,0.02,0.001,0.004,0.01,0.012,13.1,,,,3.99,,,,,,
,NSD0037-21,12.6,0,28.7,17.1,0.1,5.1,,,,21.5,10,,2.9,,,,,,,,,,,,,,17.88,54.11,7.81,0.35,0.18,0.1,0.01,0.11,3.75,3.68,0.472,0.008,0,0,0.002,0.004,0.055,0.013,0.06,0.022,0.001,0.004,0.007,0.012,11.4,,,,3.33,,,,,,
,NSD0037-22,28.2,6.7,21.5,3.3,0.1,23.4,,,,6.3,6.1,,3.4,,,,,,,,,,,,,,36.18,31.57,2.59,0.13,0.67,0.84,0.23,0.05,3.07,1.15,0.382,0.003,0,0,0.002,-0.001,0.018,0.004,0.02,0.008,0.001,-0.001,0.003,0.009,27.8,,,,6.45,,,,,,
,NSD0037-23,18.2,1.6,47.5,0.5,21.4,8.4,,,,0.4,1.9,,0.2,,,,,,,,,,,,,,23.16,48.99,0.43,0.04,0.58,5.01,0.02,0.01,2.52,0.15,0.072,0.002,0,0,0.002,0.003,0.004,0.002,0.004,0.003,0.001,-0.001,0.004,0.02,20.8,,,,9.28,,,,,,
,NSD0038-24,34.1,5.5,38.5,2.9,1.7,13.9,,,,1.8,0.2,,1.2,,,,,,,,,,,,,,35.93,38.09,1.27,0.05,0.63,0.53,0.06,0.01,1.88,0.49,0.193,0.002,0,0,0.004,-0.001,0.01,0.001,0.008,0.004,0.001,0.001,0.002,0.008,32.6,,,,4.79,,,,,,
,NSD0038-25,10.9,3,51,0.7,13.1,20.4,,,,0,0.8,,0,,,,,,,,,,,,,,21.12,52.72,0.26,0.01,0.88,2.53,0.02,0,2.39,0.07,0.031,0.001,0,0,0.002,0.002,0.002,-0.001,0.001,0.002,0.001,-0.001,0.004,0.016,11.9,,,,10.64,,,,,,
,NSD0038-26,16.3,3.3,53.4,0.9,15.7,9.8,,,,0,0.6,,0,,,,,,,,,,,,,,21.95,53.37,0.29,0.02,0.6,3.35,0.05,0,2.01,0.07,0.014,0.002,0,0,0.001,0.001,-0.001,-0.001,0.002,0.003,-0.001,-0.001,0.003,0.018,17.3,,,,8.21,,,,,,
,NSD0038-27,13.2,5.6,33.4,0.8,13.9,29.9,,,,0,3.1,,0.1,,,,,,,,,,,,,,28.49,35.13,0.46,0.06,1.28,3.23,0.06,0.01,3.73,0.14,0.063,0.002,0,0,0.002,-0.001,0.003,-0.001,0.003,0.004,0.001,-0.001,0.001,0.016,14.3,,,,14.78,,,,,,
,NSD0038-28,17.8,7.2,25.4,2.4,16,24.3,,,,1.6,3.7,,1.7,,,,,,,,,,,,,,31.33,30.89,1.36,0.12,1.08,3.71,0.08,0.05,3.98,0.52,0.212,0.003,0,0,0.004,0.001,0.011,0.003,0.013,0.007,0.001,-0.001,0.003,0.019,17.6,,,,13.15,,,,,,
,NSD0038-29,18.5,9.6,31.3,1.1,20,18.1,,,,0,1.4,,0,,,,,,,,,,,,,,31.82,32.18,0.63,0.06,0.9,4.44,0.06,0.01,3.21,0.07,0.059,0.003,0,0,0.001,-0.001,0.002,0.003,0.003,0.004,0.001,-0.001,0.001,0.018,18.7,,,,12.54,,,,,,
,NSD0038-30,22.2,0,27.5,7.8,3.2,1.2,,,,33.3,2.1,,1.8,,,,,,,,,,,,,,18.47,53.41,8.62,0.24,0.09,0.6,0,0.14,2.16,5.72,0.305,0.006,0,0,0.003,0.004,0.109,0.005,0.061,0.021,0.001,0.008,0.006,0.012,19.4,,,,1.6,,,,,,
,NSD0038-31,24.8,6,32.7,2.4,8.5,12.8,,,,6.8,4.4,,1.5,,,,,,,,,,,,,,30.23,41.13,2.31,0.12,0.51,2.41,0.02,0.05,2.49,1.27,0.174,0.003,0,0,0.002,-0.001,0.026,0.004,0.027,0.01,0.001,0.003,0.004,0.014,24.5,,,,6.28,,,,,,
,NSD0038-32,19.4,1,45.6,1.6,8.9,2.4,,,,13.4,5.1,,2.6,,,,,,,,,,,,,,18.79,59.35,3.09,0.06,0.25,1.96,0.01,0.08,1.72,2.13,0.157,0.004,0,0,0.002,0.002,0.041,0.003,0.038,0.009,0.003,0.004,0.005,0.014,18.7,,,,3.63,,,,,,
,NSD0038-33,32.5,2.4,35.4,6.7,2.8,17.6,,,,0.6,1.1,,1,,,,,,,,,,,,,,33.91,37.27,1.28,0.07,0.62,2.11,0.33,0.01,2.44,0.23,0.122,0.003,0,0,0.002,-0.001,0.004,0.005,0.009,0.006,-0.001,-0.001,0.001,0.014,32.5,,,,6.09,,,,,,
,NSD0038-34,36,2.7,29.5,6.6,0.3,22,,,,1.3,0.8,,0.8,,,,,,,,,,,,,,38.76,32.46,1.36,0.11,0.69,0.37,0.04,0.01,2.57,0.24,0.14,0.003,0,0,0.002,0.001,0.003,0.007,0.008,0.007,0.002,0.002,0.003,0.008,36.5,,,,6.08,,,,,,
,NSD0038-35,38.1,2.6,28.9,4,0.1,18.7,,,,3.3,1.4,,0.8,,,,,,,,,,,,,,38.94,33.06,1.61,0.09,0.6,0.4,0.09,0.02,2.1,0.53,0.29,0.003,0,0,0.001,-0.001,0.012,0.007,0.019,0.008,0.001,-0.001,0.002,0.008,39,,,,4.82,,,,,,
,NSD0038-36,13,0.6,14.1,2.4,1,31.5,,,,22.1,5.2,,10.1,,,,,,,,,,,,,,23.38,38.9,6.21,0.2,0.71,1.47,0.33,0.5,3.76,3.56,0.853,0.008,0,0,0.004,0.002,0.059,0.007,0.047,0.016,0.002,0.004,0.005,0.016,14.3,,,,9.67,,,,,,
,NSD0038-37,14.7,0.1,16.8,6.7,1.1,17,,,,32.9,5.4,,5.3,,,,,,,,,,,,,,20.53,45.42,8.28,0.36,0.39,0.43,0.04,0.4,3.58,5.03,0.552,0.011,0,0,0.003,0.002,0.09,0.008,0.075,0.026,0.002,0.004,0.007,0.009,15.3,,,,5.71,,,,,,
,NSD0038-38,22.4,5.3,22.9,10.2,2.7,8.6,,,,14.7,6.1,,5.1,,,,,,,,,,,,,,28.26,41.54,5.47,0.21,0.22,0.76,0.06,0.76,3.32,2.17,0.64,0.008,0,0,0.004,0.001,0.041,0.01,0.048,0.022,0.002,0.003,0.005,0.01,21.8,,,,3.81,,,,,,
,NSD0038-39,42,2.3,34,3.3,0.2,9.6,,,,6,0.6,,0.8,,,,,,,,,,,,,,36.96,39.25,1.75,0.08,0.38,0.2,0.02,0.02,1.53,1.01,0.122,0.003,0,0,0.002,0.002,0.018,0.003,0.014,0.009,0.002,0.001,0.003,0.008,40,,,,2.41,,,,,,
