Sample ID,From(m),To(m),Fe_%,SiO2_%,Al2O3_%,TiO2_%,Mn_%,CaO_%,P XRF_%,S XRF_%,MgO_%,K2O_%,Na2O_%,Zn_%,As_%,Cl_%,Cu_%,Pb_%,Ba_%,V_%,Cr_%,Ni_%,Co_%,Sn XRF_%,Zr_%,Sr_%,Fe3O4_%,LOI_371_%,LOI_650_%,LOI_Total_%,LOI_1000_%
NSRD0796-O-1,36.5,47.5,,,,,,,,,,,,,,,,,,,,,,,,,,,,,
NSRD0796-F-2,47.5,56.8,35.143,39.600,1.402,0.064,0.563,0.432,0.123,0.060,1.817,0.352,0.028,0.004,0.000,0.000,0.002,0.002,0.004,0.003,0.010,0.007,0.001,0.001,0.001,0.008,25.267,0.493,4.367,-0.070,4.790
NSRD0796-F-3,56.8,65.8,35.710,37.400,1.712,0.076,0.572,0.585,0.091,0.066,2.363,0.501,0.034,0.005,0.001,0.000,0.003,0.002,0.006,0.003,0.012,0.010,0.002,0.001,0.001,0.008,36.800,0.107,5.283,-0.337,5.053
NSRD0796-F-4,65.8,74.8,35.070,39.520,1.141,0.051,0.607,0.784,0.102,0.032,1.987,0.257,0.035,0.004,0.001,0.000,0.002,0.002,0.003,0.002,0.008,0.006,0.001,0.001,0.000,0.008,37.600,0.090,5.153,-0.410,4.833
NSRD0796-F-5,74.8,83.8,35.667,35.273,1.442,0.066,0.622,0.709,0.103,0.074,2.407,0.308,0.060,0.004,0.001,0.000,0.002,0.001,0.004,0.002,0.010,0.007,0.001,0.001,0.001,0.008,33.467,0.357,7.337,-0.340,7.353
NSRD0796-F-6,83.8,92.4,34.260,34.907,1.293,0.053,0.602,0.667,0.100,0.059,2.267,0.359,0.205,0.004,0.001,0.000,0.003,0.001,0.003,0.001,0.010,0.006,0.001,0.001,0.000,0.009,27.033,2.353,7.847,-0.227,9.973
NSRD0796-F-7,92.4,101.3,35.293,36.690,1.104,0.049,0.590,0.790,0.084,0.024,2.040,0.289,0.207,0.004,0.001,0.000,0.003,0.002,0.002,0.001,0.007,0.005,0.001,0.001,0.001,0.010,32.867,0.303,7.193,-0.303,7.193
NSRD0796-F-8,101.3,110.7,36.067,34.147,1.243,0.054,0.593,0.711,0.093,0.033,1.740,0.501,0.220,0.002,0.002,0.001,0.001,0.001,0.007,0.002,0.009,0.004,0.001,0.001,0.002,0.009,26.630,0.063,8.603,0.040,8.707
NSRD0796-F-9,110.7,119.5,35.687,29.067,1.255,0.053,0.609,0.736,0.088,0.024,2.193,0.538,0.125,0.002,0.001,0.002,0.001,0.001,0.008,0.002,0.007,0.005,0.001,0.001,0.002,0.008,18.470,0.133,13.730,0.070,13.933
NSRD0796-F-10,119.5,128.3,33.423,32.027,0.980,0.041,0.582,0.729,0.096,0.005,2.340,0.456,0.150,0.002,0.001,0.004,0.002,0.001,0.004,0.001,0.006,0.003,0.001,0.001,0.002,0.008,15.843,0.170,14.343,0.020,14.533
NSRD0796-F-11,128.3,137.4,33.513,30.320,1.093,0.046,0.562,0.794,0.092,0.011,2.330,0.405,0.021,0.002,0.001,0.003,0.001,0.001,0.014,0.001,0.007,0.004,0.001,0.001,0.002,0.008,14.860,0.237,15.913,0.020,16.170
NSRD0796-F-12,137.4,146.4,32.527,35.960,1.422,0.061,0.541,0.914,0.095,0.036,2.443,0.366,0.034,0.002,0.001,0.003,0.003,0.001,0.015,0.001,0.010,0.005,0.001,0.001,0.003,0.008,22.300,0.193,10.817,0.113,11.123
NSRD0796-F-13,146.4,156.0,34.387,34.857,1.398,0.062,0.521,1.062,0.094,0.042,2.813,0.119,0.042,0.003,0.001,0.002,0.001,0.001,0.008,0.002,0.009,0.004,0.001,0.001,0.002,0.008,28.080,0.187,8.893,0.233,9.313
NSRD0796-F-14,156.0,164.8,31.183,34.200,1.411,0.062,0.530,0.835,0.124,0.046,2.430,0.193,0.060,0.002,0.001,0.003,0.002,0.001,0.009,0.002,0.010,0.005,0.001,0.001,0.002,0.008,11.793,0.360,14.593,0.147,15.100
NSRD0796-F-15,164.8,174.4,30.787,34.500,2.145,0.096,0.475,0.973,0.112,0.119,3.193,0.366,0.132,0.003,0.001,0.003,0.001,0.001,0.012,0.002,0.014,0.007,0.001,0.001,0.003,0.009,11.747,0.523,12.583,0.377,13.483
NSRD0796-F-16,174.4,183.5,30.870,33.943,2.012,0.086,0.507,0.853,0.120,0.123,2.757,0.185,0.070,0.002,0.002,0.003,0.002,0.001,0.007,0.002,0.013,0.006,0.001,0.001,0.003,0.007,10.973,0.383,14.153,0.240,14.777
NSRD0797-O-1,45.8,55.4,,,,,,,,,,,,,,,,,,,,,,,,,,,,,
NSRD0797-F-2,55.4,65.8,,,,,,,,,,,,,,,,,,,,,,,,,,,,,
NSRD0797-F-3,65.8,76.2,33.537,37.630,1.983,0.090,0.493,0.795,0.091,0.096,3.230,0.183,0.051,0.004,0.000,0.004,0.003,0.002,0.009,0.002,0.012,0.006,0.001,0.001,0.005,0.009,29.967,7.010,0.683,6.490,14.183
NSRD0797-F-4,76.2,86.6,34.363,38.630,1.046,0.049,0.626,1.368,0.091,0.022,2.667,0.281,0.055,0.002,0.001,0.003,0.002,0.001,0.005,0.001,0.009,0.006,0.001,0.001,0.003,0.008,36.367,5.433,0.347,4.617,10.397
NSRD0797-F-5,86.6,97.0,35.913,38.193,0.958,0.043,0.568,1.282,0.091,0.021,2.423,0.433,0.056,0.002,0.001,0.004,0.002,0.002,0.010,0.001,0.007,0.004,0.001,0.001,0.003,0.009,40.847,0.087,3.537,0.560,4.183
NSRD0797-F-6,97.0,107.4,35.907,38.063,0.988,0.044,0.653,1.329,0.089,0.023,2.373,0.586,0.083,0.002,0.001,0.004,0.002,0.002,0.012,0.001,0.007,0.004,0.001,0.001,0.003,0.010,40.967,0.087,3.397,0.610,4.093
NSRD0797-F-7,107.4,117.8,36.857,36.900,1.085,0.050,0.603,0.984,0.088,0.027,2.563,0.477,0.077,0.002,0.001,0.002,0.001,0.002,0.012,0.001,0.008,0.005,0.001,0.001,0.002,0.009,41.207,0.127,3.743,0.160,4.030
NSRD0797-F-8,117.8,128.2,35.247,37.883,1.366,0.060,0.558,0.989,0.098,0.044,2.720,0.283,0.064,0.003,0.001,0.004,0.003,0.002,0.011,0.001,0.008,0.004,0.001,0.001,0.004,0.008,36.167,5.057,0.380,4.643,10.080
NSRD0797-F-9,128.2,138.5,36.753,36.440,1.245,0.057,0.583,1.283,0.121,0.030,2.533,0.425,0.054,0.003,0.001,0.004,0.003,0.002,0.013,0.002,0.008,0.004,0.001,0.001,0.004,0.009,40.400,4.287,0.223,3.800,8.310
NSRD0797-F-10,138.5,149.0,36.250,37.333,1.051,0.046,0.626,1.433,0.092,0.031,2.513,0.682,0.083,0.002,0.001,0.002,0.002,0.001,0.013,0.001,0.009,0.005,0.001,0.001,0.003,0.010,41.703,0.043,3.043,0.737,3.823
NSRD0797-F-11,149.0,159.3,34.463,39.267,1.200,0.058,0.524,1.874,0.095,0.078,2.440,0.525,0.055,0.002,0.001,0.001,0.001,0.002,0.011,0.001,0.010,0.005,0.001,0.001,0.003,0.010,39.073,0.047,2.783,1.283,4.113
NSRD0797-F-12,159.3,169.7,35.443,38.033,1.211,0.053,0.514,1.825,0.111,0.043,2.387,0.556,0.052,0.002,0.002,0.002,0.002,0.001,0.013,0.001,0.010,0.005,0.001,0.001,0.002,0.010,40.533,0.063,2.920,1.157,4.140
NSRD0797-F-13,169.7,180.1,35.973,37.753,1.082,0.049,0.608,1.601,0.086,0.024,2.243,0.719,0.044,0.002,0.000,0.004,0.003,0.002,0.014,0.001,0.007,0.003,0.001,0.001,0.004,0.010,41.500,3.830,0.080,2.980,6.890
NSRD0797-F-14,180.1,190.5,31.350,40.540,2.221,0.101,0.525,1.033,0.163,0.137,3.153,0.568,0.104,0.004,0.001,0.005,0.003,0.002,0.017,0.003,0.014,0.007,0.001,0.001,0.004,0.011,26.733,5.990,0.730,5.143,11.863
NSRD0797-F-15,190.5,200.0,31.377,40.980,2.765,0.121,0.460,1.456,0.071,0.070,2.497,1.320,0.133,0.004,0.001,0.003,0.001,0.002,0.030,0.003,0.024,0.008,0.001,0.001,0.005,0.011,32.260,0.100,3.913,0.917,4.930
NSRD0798-O-1,23.60,26.65,,,,,,,,,,,,,,,,,,,,,,,,,,,,,
NSRD0798-F-2,26.65,37.101,,,,,,,,,,,,,,,,,,,,,,,,,,,,,
NSRD0798-F-3,37.10,47.57,36.087,37.167,1.257,0.059,0.590,0.698,0.107,0.040,2.353,0.362,0.059,0.003,0.001,0.003,0.003,0.003,0.009,0.002,0.008,0.005,0.001,0.001,0.003,0.006,34.403,0.607,5.043,-0.203,5.447
NSRD0798-F-4,47.57,58.06,35.917,37.293,1.400,0.069,0.575,1.458,0.100,0.084,2.197,0.531,0.062,0.003,0.002,0.003,0.003,0.002,0.010,0.002,0.009,0.006,0.001,0.001,0.003,0.006,38.100,0.317,3.563,0.580,4.460
NSRD0798-F-5,58.06,68.563,34.003,38.707,1.729,0.079,0.494,2.147,0.143,0.080,2.093,1.145,0.051,0.005,0.001,0.003,0.003,0.003,0.017,0.002,0.013,0.008,0.001,0.001,0.003,0.009,35.393,0.177,2.913,1.287,4.377
NSRD0798-F-6,68.56,79.065,31.797,41.157,1.591,0.079,0.388,2.194,0.107,0.133,2.303,0.544,0.070,0.004,0.002,0.003,0.003,0.002,0.010,0.003,0.013,0.006,0.001,0.001,0.003,0.007,28.857,0.560,3.737,1.457,5.753
NSRD0798-F-7,79.07,89.564,31.837,40.493,1.829,0.088,0.400,1.155,0.091,0.108,2.353,0.504,0.102,0.004,0.002,0.003,0.002,0.001,0.008,0.003,0.013,0.006,0.001,0.001,0.003,0.006,22.630,1.610,5.167,0.390,7.167
NSRD0798-F-8,89.56,100.061,32.930,39.513,1.851,0.084,0.415,0.884,0.110,0.078,2.320,0.540,0.102,0.004,0.002,0.003,0.002,0.002,0.009,0.002,0.012,0.007,0.001,0.001,0.002,0.008,24.577,1.603,5.070,0.073,6.747
NSRD0798-F-9,100.06,110.56,30.300,40.030,2.578,0.118,0.385,1.481,0.115,0.216,2.610,0.689,0.128,0.005,0.002,0.002,0.003,0.003,0.012,0.003,0.019,0.009,0.002,0.001,0.003,0.009,16.100,1.717,5.643,0.750,8.110
NSRD0798-F-10,110.56,121.065,32.310,39.480,2.268,0.109,0.348,1.994,0.108,0.147,2.280,0.578,0.108,0.005,0.002,0.002,0.003,0.001,0.009,0.003,0.016,0.008,0.001,0.001,0.003,0.008,25.003,1.060,3.823,1.170,6.053
NSRD0798-F-11,121.07,131.564,29.433,39.573,3.133,0.146,0.327,1.820,0.069,0.162,2.687,0.908,0.199,0.005,0.001,0.003,0.002,0.001,0.011,0.004,0.027,0.011,0.001,0.001,0.004,0.009,15.110,0.767,6.300,1.457,8.523
NSRD0798 -F-12,131.56,142.06,28.860,41.883,2.561,0.119,0.305,1.814,0.097,0.175,2.410,0.671,0.165,0.004,0.001,0.003,0.002,0.002,0.009,0.003,0.021,0.009,0.001,0.001,0.004,0.010,16.343,0.653,6.293,1.257,8.203
NSRD0798- F-13,142.06,152.575,33.473,39.247,2.038,0.103,0.311,2.045,0.104,0.116,2.233,0.838,0.140,0.004,0.001,0.003,0.002,0.001,0.010,0.003,0.015,0.007,0.001,0.001,0.004,0.010,31.807,0.447,2.573,1.503,4.523
NSRD0798-F- 14,152.58,163.092,33.047,40.947,1.694,0.078,0.303,1.856,0.119,0.091,2.050,0.834,0.131,0.003,0.001,0.004,0.002,0.002,0.008,0.002,0.014,0.008,0.001,0.001,0.004,0.010,32.267,0.360,2.687,1.217,4.263
NSRD0798 - F-15,163.09,173.615,32.750,39.470,2.051,0.096,0.292,2.073,0.100,0.133,2.287,0.981,0.158,0.004,0.001,0.004,0.002,0.001,0.008,0.003,0.017,0.007,0.001,0.001,0.003,0.010,29.513,0.487,3.020,1.603,5.110
NSRD0798- F- 16,173.62,184.133,32.217,40.567,2.137,0.102,0.254,1.671,0.089,0.137,2.300,0.844,0.181,0.004,0.001,0.003,0.002,0.003,0.009,0.003,0.019,0.008,0.001,0.001,0.003,0.010,25.873,0.633,3.470,1.203,5.307
NSRD0799-O-1,24,30.022,,,,,,,,,,,,,,,,,,,,,,,,,,,,,
NSRD0799-F-2,30.022,40.414,,,,,,,,,,,,,,,,,,,,,,,,,,,,,
NSRD0799-F-3,40.414,50.807,,,,,,,,,,,,,,,,,,,,,,,,,,,,,
NSRD0799-F-4,50.807,61.199,30.853,41.620,3.088,0.138,0.411,1.227,0.101,0.102,2.323,1.449,0.217,0.004,0.001,0.001,0.002,0.001,0.032,0.004,0.034,0.012,0.001,0.001,0.005,0.011,26.343,0.173,4.033,0.613,4.820
NSRD0799-F-5,61.199,71.591,30.523,42.770,3.589,0.164,0.431,0.889,0.118,0.093,1.897,1.528,0.221,0.005,0.002,0.003,0.004,0.003,0.035,0.004,0.036,0.013,0.002,0.001,0.006,0.011,19.003,4.190,0.980,2.990,8.160
NSRD0799-F-6,71.591,81.984,30.983,41.243,2.751,0.123,0.440,1.539,0.116,0.068,2.407,1.341,0.233,0.005,0.001,0.002,0.002,0.002,0.030,0.003,0.027,0.011,0.002,0.000,0.004,0.011,29.053,5.107,0.273,4.070,9.450
NSRD0799-F-7,81.984,92.376,30.953,40.487,2.945,0.130,0.463,1.527,0.099,0.082,2.647,1.369,0.237,0.004,0.001,0.001,0.002,0.002,0.031,0.004,0.032,0.011,0.001,0.001,0.005,0.012,30.523,0.097,4.310,0.937,5.343
NSRD0799-F-8,92.376,102.768,32.667,39.593,2.504,0.111,0.480,1.378,0.101,0.073,2.363,1.307,0.207,0.004,0.001,0.002,0.002,0.002,0.028,0.003,0.026,0.010,0.001,0.001,0.004,0.011,33.900,0.073,4.013,0.627,4.713
NSRD0799-F-9,102.768,113.161,32.447,39.450,2.548,0.118,0.473,1.421,0.110,0.090,2.530,1.322,0.223,0.004,0.001,0.002,0.003,0.002,0.027,0.003,0.027,0.009,0.001,0.002,0.004,0.011,33.220,0.087,4.043,0.690,4.820
NSRD0799-F-10,113.161,123.553,31.163,41.243,2.445,0.106,0.456,1.454,0.081,0.130,2.660,0.895,0.110,0.004,0.001,0.002,0.003,0.003,0.021,0.003,0.018,0.008,0.001,0.001,0.004,0.010,29.247,5.607,0.257,4.597,10.460
NSRD0799-F-11,123.553,133.945,30.947,41.257,3.103,0.140,0.426,1.062,0.065,0.227,2.593,1.054,0.172,0.004,0.001,0.004,0.002,0.002,0.027,0.004,0.027,0.010,0.001,0.001,0.005,0.010,27.473,0.097,4.643,0.517,5.257
NSRD0799-F-12,133.945,144.337,31.490,40.893,2.978,0.136,0.428,1.273,0.080,0.089,2.387,1.546,0.291,0.004,0.002,0.002,0.003,0.002,0.035,0.004,0.024,0.010,0.001,0.001,0.004,0.007,29.530,4.443,0.243,3.610,8.297
NSRD0799-F-13,144.337,154.73,28.623,43.443,3.648,0.159,0.431,1.339,0.083,0.352,2.530,1.879,0.102,0.004,0.001,0.003,0.004,0.003,0.042,0.004,0.027,0.011,0.000,0.001,0.006,0.008,26.087,4.613,0.153,3.760,8.527
NSRD0799-F-14,154.73,165.122,23.557,46.373,6.141,0.282,0.326,1.137,0.085,0.242,3.093,2.622,0.098,0.008,0.003,0.002,0.005,0.002,0.068,0.008,0.057,0.019,0.002,0.002,0.006,0.011,16.543,5.600,0.480,4.443,10.523
NSRD0799-F-15,165.122,175.514,28.833,41.620,3.665,0.178,0.417,1.630,0.141,0.116,2.837,1.137,0.104,0.004,0.001,0.003,0.003,0.002,0.046,0.005,0.040,0.012,0.001,0.001,0.005,0.011,24.250,0.230,5.010,0.947,6.187
NSRD0799-F-16,175.514,185.907,25.573,44.407,5.187,0.252,0.339,1.050,0.082,0.367,3.120,1.952,0.090,0.007,0.002,0.002,0.005,0.004,0.090,0.007,0.055,0.019,0.002,0.001,0.006,0.011,16.647,6.247,0.490,5.037,11.773
NSRD0799-F-17,185.907,196.299,23.843,46.283,5.864,0.273,0.320,1.216,0.102,0.265,2.903,2.666,0.096,0.008,0.002,0.004,0.004,0.003,0.097,0.008,0.048,0.018,0.002,0.003,0.005,0.011,16.820,5.450,0.440,4.303,10.193
NSRD0799-F-18,196.299,206.691,24.707,44.230,5.457,0.244,0.380,1.127,0.116,0.294,3.110,2.611,0.128,0.006,0.001,0.004,0.004,0.003,0.055,0.007,0.047,0.017,0.002,0.002,0.007,0.012,16.167,0.313,5.777,0.677,6.767
NSRD0799-F-19,206.691,217.083,31.593,40.867,2.714,0.121,0.459,1.382,0.078,0.062,2.417,1.284,0.097,0.004,0.001,0.002,0.002,0.002,0.030,0.003,0.023,0.008,0.001,0.001,0.005,0.010,32.470,0.127,3.897,0.707,4.730
NSRD0799-F-20,217.083,222,31.377,40.980,2.765,0.121,0.460,1.456,0.071,0.070,2.497,1.320,0.133,0.004,0.001,0.003,0.003,0.002,0.030,0.003,0.024,0.008,0.001,0.001,0.005,0.011,32.260,0.100,3.913,0.917,4.930
NSRD0800-O-1,12.5,24.5,,,,,,,,,,,,,,,,,,,,,,,,,,,,,
NSRD0800-F-2,24.5,34.6,,,,,,,,,,,,,,,,,,,,,,,,,,,,,
NSRD0800-F-3,34.6,45,,,,,,,,,,,,,,,,,,,,,,,,,,,,,
NSRD0800-F-4,45,55.4,32.160,41.483,2.154,0.092,0.474,1.291,0.084,0.043,2.237,0.893,0.101,0.005,0.001,0.004,0.003,0.001,0.022,0.002,0.016,0.007,0.001,0.001,0.004,0.013,30.467,4.013,0.410,4.743,9.167
NSRD0800-F-5,55.4,65.8,28.127,43.190,4.261,0.194,0.416,1.051,0.080,0.357,2.757,1.786,0.096,0.007,0.000,0.004,0.004,0.001,0.037,0.006,0.035,0.013,0.002,0.001,0.005,0.012,23.433,4.610,0.470,5.343,10.423
NSRD0800-F-6,65.8,76.2,22.787,47.207,6.445,0.290,0.270,1.144,0.094,0.308,2.917,2.875,0.114,0.010,0.000,0.004,0.006,0.003,0.062,0.008,0.051,0.019,0.002,0.001,0.007,0.011,14.733,4.367,0.610,5.393,10.370
NSRD0800-F-7,76.2,86.6,23.310,45.397,6.172,0.290,0.378,0.869,0.069,0.350,3.193,2.523,0.098,0.007,0.001,0.003,0.004,0.002,0.067,0.008,0.061,0.020,0.002,0.002,0.008,0.009,12.993,0.303,5.900,0.713,6.917
NSRD0800-F-8,86.6,96.9,22.150,47.313,6.271,0.302,0.310,1.043,0.069,0.369,3.273,2.451,0.120,0.011,0.000,0.005,0.006,0.003,0.062,0.009,0.062,0.022,0.003,0.001,0.007,0.011,12.000,5.187,0.683,6.373,12.243
NSRD0800-F-9,96.9,107.4,30.193,41.460,3.226,0.144,0.454,1.449,0.078,0.099,2.517,1.524,0.090,0.004,0.001,0.004,0.003,0.002,0.037,0.004,0.026,0.010,0.001,0.001,0.006,0.011,28.617,0.157,4.383,0.867,5.407
NSRD0800-F-10,107.4,117.8,30.807,40.763,2.871,0.130,0.471,1.679,0.093,0.084,2.493,1.513,0.266,0.004,0.001,0.004,0.002,0.002,0.030,0.003,0.026,0.009,0.001,0.002,0.005,0.012,30.060,0.120,3.937,1.153,5.210
NSRD0800-F-11,117.8,128.2,29.523,42.877,3.220,0.147,0.386,1.281,0.069,0.287,2.867,1.125,0.129,0.006,0.000,0.004,0.004,0.002,0.029,0.004,0.026,0.011,0.001,0.001,0.005,0.012,26.333,4.430,0.557,5.137,10.123
NSRD0800-F-12,128.2,138.5,34.260,39.387,1.343,0.061,0.524,1.301,0.089,0.035,2.247,0.716,0.137,0.002,0.001,0.004,0.002,0.001,0.014,0.002,0.013,0.005,0.001,0.001,0.003,0.011,28.800,0.050,4.043,0.657,4.750
NSRD0800-F-13,138.5,148.9,32.890,38.973,2.551,0.118,0.515,1.243,0.092,0.093,2.460,1.493,0.190,0.003,0.001,0.002,0.002,0.002,0.030,0.003,0.026,0.010,0.001,0.001,0.004,0.010,33.983,0.093,4.100,0.547,4.740
NSRD0800-F-14,148.9,159.4,32.247,40.337,2.358,0.107,0.445,1.437,0.084,0.087,2.310,1.312,0.181,0.012,0.004,0.002,0.004,0.002,0.023,0.003,0.024,0.010,0.001,0.001,0.004,0.011,32.677,0.073,3.903,0.790,4.767
NSRD0800-F-15,159.4,169.7,31.030,40.833,2.990,0.133,0.384,1.399,0.087,0.164,2.553,1.300,0.128,0.005,0.000,0.004,0.003,0.001,0.023,0.003,0.026,0.011,0.001,0.001,0.004,0.013,29.233,4.410,0.463,5.217,10.090
NSRD0800-F-16,169.7,180.1,33.353,38.970,1.887,0.081,0.411,1.426,0.095,0.050,2.233,0.680,0.098,0.003,0.001,0.003,0.002,0.001,0.014,0.002,0.019,0.006,0.001,0.001,0.003,0.010,32.190,0.080,5.253,0.677,6.010
NSRD0800-F-17,180.1,190.5,26.983,43.927,3.685,0.154,0.283,1.898,0.130,0.297,2.783,1.526,0.098,0.004,0.001,0.004,0.003,0.002,0.026,0.004,0.035,0.014,0.001,0.001,0.005,0.011,22.107,0.260,4.537,1.270,6.067
NSRD0800-F-18,190.5,200,30.870,40.893,2.349,0.098,0.289,1.960,0.154,0.109,2.430,0.844,0.100,0.004,0.001,0.002,0.002,0.002,0.016,0.003,0.023,0.010,0.001,0.001,0.005,0.010,28.390,0.190,4.963,1.090,6.243
NSRD0801-O-1,26.55,37.5,,,,,,,,,,,,,,,,,,,,,,,,,,,,,
NSRD0801-O-2,37.5,47.5,,,,,,,,,,,,,,,,,,,,,,,,,,,,,
NSRD0801-F-3,47.5,57.7,30.713,42.550,2.286,0.094,0.270,1.832,0.106,0.153,2.027,0.841,0.060,0.002,0.001,0.002,0.001,0.001,0.010,0.003,0.019,0.008,0.000,0.001,0.003,0.008,25.400,0.277,4.493,0.810,5.580
NSRD0801-F-4,57.7,68,31.317,41.707,1.887,0.081,0.355,2.006,0.104,0.158,1.940,0.702,0.052,0.002,0.001,0.002,0.001,0.001,0.006,0.002,0.017,0.007,-0.001,0.001,0.003,0.008,27.400,0.317,4.633,0.980,5.930
NSRD0801-F-5,68,78.61,28.923,44.147,2.493,0.103,0.308,1.462,0.107,0.282,2.323,0.799,0.077,0.002,0.000,0.002,0.000,0.000,0.009,0.002,0.022,0.009,0.000,0.001,0.003,0.008,21.967,0.293,5.330,0.647,6.270
NSRD0801-F-6,78.61,89,25.650,43.800,3.703,0.149,0.370,1.782,0.123,0.476,3.037,1.063,0.101,0.003,0.002,0.001,0.002,0.001,0.015,0.003,0.035,0.017,0.000,0.001,0.005,0.010,12.433,0.500,6.877,1.083,8.460
NSRD0801-F-7,89,99.23,23.630,47.673,4.448,0.182,0.292,1.502,0.116,0.724,2.983,1.251,0.106,0.003,0.001,0.004,0.002,0.002,0.012,0.004,0.037,0.014,0.001,0.001,0.005,0.009,11.600,0.463,5.253,1.150,6.867
NSRD0801-F-8,99.23,109.697,30.273,41.050,2.373,0.097,0.311,1.839,0.108,0.133,2.637,0.814,0.087,0.002,0.001,0.002,0.001,0.000,0.009,0.003,0.020,0.009,-0.001,0.001,0.004,0.009,24.933,0.370,5.213,0.950,6.533
NSRD0801-F-9,109.697,120,29.820,42.080,2.199,0.089,0.276,2.004,0.119,0.199,2.717,0.692,0.145,0.003,0.001,0.005,0.002,0.002,0.010,0.002,0.019,0.007,0.001,0.001,0.004,0.009,25.183,0.323,4.620,1.410,6.353
GVRD0267-O-1,32,46,,,,,,,,,,,,,,,,,,,,,,,,,,,,,
GVRD0267-O-2,46.2,56.6,,,,,,,,,,,,,,,,,,,,,,,,,,,,,
GVRD0267-O-3,56.6,67.6,,,,,,,,,,,,,,,,,,,,,,,,,,,,,
GVRD0267-F-4,67.6,77.1,34.450,37.530,1.278,0.056,0.457,0.787,0.103,0.103,1.850,0.138,0.041,0.003,0.002,0.005,0.001,0.001,0.001,0.001,0.011,0.001,0.000,0.001,0.003,0.009,27.087,1.233,6.533,0.047,7.813
GVRD0267-F-5,77.1,87.4,32.943,40.063,1.522,0.065,0.401,0.853,0.111,0.117,1.870,0.103,0.022,0.002,0.001,0.003,0.001,0.001,0.001,0.001,0.012,0.000,-0.001,0.001,0.003,0.008,26.593,0.837,6.183,0.090,7.110
GVRD0267-F-6,87.4,97.8,32.297,40.590,1.561,0.066,0.469,0.769,0.099,0.114,2.047,0.149,0.028,0.002,0.001,0.003,0.000,0.001,0.001,0.001,0.011,0.002,0.000,0.001,0.003,0.008,26.003,0.537,6.707,0.093,7.337
GVRD0267-F-7,97.8,108.3,33.813,39.730,0.978,0.040,0.456,0.890,0.116,0.087,1.777,0.134,0.021,0.002,0.001,0.003,0.002,0.001,0.001,0.001,0.011,0.001,0.000,0.001,0.003,0.008,25.937,0.547,6.273,0.120,6.940
GVRD0267-F-8,108.3,118.7,33.800,39.750,1.025,0.047,0.447,0.909,0.118,0.065,1.643,0.171,0.013,0.002,0.001,0.002,0.001,0.001,0.001,0.001,0.010,0.001,-0.001,0.001,0.003,0.008,29.553,0.660,6.037,0.070,6.767
GVRD0267-F-9,118.7,129.3,31.177,40.183,1.637,0.065,0.526,0.724,0.091,0.310,2.273,0.131,0.016,0.002,0.001,0.002,0.001,0.001,0.001,0.001,0.015,0.001,-0.001,0.001,0.003,0.009,24.687,0.157,8.200,0.413,8.770
GVRD0267-F-10,129.3,139.4,32.983,34.943,1.617,0.071,0.668,0.556,0.108,0.255,2.593,0.202,0.035,0.003,0.001,0.001,0.002,0.002,0.005,0.001,0.016,0.006,0.001,0.001,0.004,0.007,22.843,0.123,11.063,0.227,11.413
GVRD0267-F-11,139.4,149.9,34.137,36.333,1.182,0.048,0.620,0.858,0.115,0.070,2.313,0.163,0.017,0.002,0.001,0.002,0.002,0.001,0.004,0.001,0.010,0.004,0.001,0.001,0.003,0.008,31.840,0.077,8.937,-0.060,8.953
GVRD0267-F-12,149.9,159.88,35.753,37.437,0.890,0.038,0.555,1.238,0.102,0.058,2.053,0.173,0.021,0.002,0.001,0.001,0.001,0.002,0.005,0.001,0.009,0.003,0.001,0.001,0.003,0.009,40.250,-0.013,5.610,0.403,6.000
GVRD0267-F-13,159.88,170.4,35.250,38.620,1.111,0.048,0.595,1.077,0.112,0.056,1.953,0.224,0.018,0.002,0.001,0.005,0.004,0.007,0.005,0.001,0.009,0.004,0.002,0.001,0.003,0.010,39.030,0.003,5.267,0.180,5.450
GVRD0267-F-14,170.4,182,31.960,40.193,1.661,0.073,0.506,0.681,0.094,0.123,2.367,0.066,0.018,0.002,0.001,0.003,0.002,0.001,0.003,0.002,0.014,0.006,0.002,0.001,0.004,0.008,23.603,0.090,8.200,-0.080,8.210
GVRD0268-O-1,41.6,48.8,,,,,,,,,,,,,,,,,,,,,,,,,,,,,
GVRD0268-F-2,48.8,59.4,35.457,38.177,0.949,0.041,0.581,0.463,0.113,0.042,1.500,0.299,0.012,0.002,0.001,0.003,0.001,0.001,0.004,0.000,0.009,0.006,0.000,0.001,0.002,0.006,28.607,1.430,5.450,-0.180,6.700
GVRD0268-F-3,59.4,69.5,35.217,38.443,0.940,0.039,0.614,0.408,0.097,0.133,1.560,0.186,0.016,0.002,0.000,0.002,0.001,0.001,0.004,0.000,0.007,0.006,0.000,0.001,0.002,0.006,31.333,1.517,5.320,-0.030,6.807
GVRD0268-F-4,69.5,79.8,37.010,37.977,1.348,0.062,0.618,0.319,0.085,0.084,1.570,0.097,0.016,0.003,0.000,0.002,0.000,0.001,0.002,0.001,0.010,0.006,0.001,0.001,0.002,0.005,37.333,0.500,4.253,-0.233,4.520
GVRD0268-F-5,79.8,90.24,33.393,37.873,1.718,0.074,0.525,0.391,0.092,0.094,2.267,0.014,0.014,0.002,0.001,0.002,0.001,0.001,0.003,0.002,0.013,0.007,0.000,0.001,0.002,0.005,25.433,1.510,7.410,-0.100,8.820
GVRD0268-F-6,90.24,100.68,37.187,37.780,1.061,0.046,0.655,0.346,0.089,0.060,1.407,0.255,0.019,0.002,0.001,0.002,0.000,0.001,0.004,0.001,0.007,0.004,0.000,0.001,0.001,0.005,34.233,0.493,4.370,-0.160,4.703
GVRD0268-F-7,100.68,111,38.533,36.617,0.930,0.040,0.591,0.434,0.109,0.040,1.500,0.268,0.016,0.002,0.001,0.002,0.000,0.001,0.004,0.000,0.005,0.004,-0.001,0.001,0.001,0.005,36.133,0.097,4.070,-0.217,3.950
GVRD0268-F-8,111,121.47,38.910,35.343,0.713,0.030,0.582,1.415,0.093,0.017,1.687,0.175,0.011,0.002,0.001,0.001,0.001,0.001,0.005,0.001,0.004,0.002,-0.001,0.001,0.002,0.006,39.267,-0.083,3.287,0.717,3.920
GVRD0268-F-9,121.47,132,36.247,36.300,0.920,0.037,0.610,1.606,0.110,0.040,2.253,0.109,0.016,0.002,0.000,0.003,0.000,0.000,0.003,0.001,0.007,0.006,-0.001,0.001,0.001,0.005,35.567,0.023,4.870,0.863,5.757
GVRD0268-F-10,132,142.1,33.940,38.327,1.301,0.053,0.620,1.600,0.114,0.093,2.250,0.085,0.011,0.002,0.001,0.001,0.001,0.003,0.005,0.002,0.009,0.005,0.001,0.001,0.003,0.008,33.827,0.033,5.610,0.853,6.497
GVRD0268-F-11,142.1,152.78,36.093,36.530,1.268,0.056,0.619,1.215,0.130,0.106,2.080,0.208,0.017,0.002,0.001,0.001,0.001,0.002,0.006,0.002,0.009,0.005,0.001,0.002,0.003,0.009,36.093,0.030,5.263,0.293,5.587
GVRD0268-F-12,152.78,162.9,35.667,38.207,1.122,0.045,0.674,0.832,0.128,0.080,1.860,0.322,0.018,0.002,0.001,0.001,0.002,0.002,0.008,0.001,0.009,0.004,0.001,0.001,0.003,0.010,35.917,0.037,5.363,-0.073,5.327
GVRD0268-F-13,162.9,173.2,35.413,38.077,1.440,0.063,0.585,0.894,0.128,0.066,1.957,0.318,0.024,0.003,0.001,0.002,0.002,0.001,0.011,0.002,0.011,0.005,0.002,0.001,0.003,0.009,37.873,0.033,5.347,0.017,5.397
GVRD0268-F-14,173.2,183.68,33.177,37.433,1.880,0.081,0.543,0.680,0.127,0.134,2.540,0.108,0.015,0.002,0.001,0.003,0.002,0.001,0.004,0.002,0.015,0.006,0.001,0.001,0.004,0.008,32.390,0.087,8.560,-0.160,8.487
GVRD0268-F-15,183.68,190,35.813,37.573,1.604,0.070,0.560,0.504,0.113,0.076,1.940,0.181,0.013,0.003,0.001,0.001,0.002,0.001,0.005,0.002,0.013,0.005,0.001,0.001,0.003,0.008,37.867,0.053,6.043,-0.387,5.710
GVRD0269-O-1,39.26,49.652,,,,,,,,,,,,,,,,,,,,,,,,,,,,,
GVRD0269-F-2,49.652,59.85,35.857,39.693,1.331,0.065,0.629,0.468,0.133,0.090,1.490,0.242,0.015,0.003,0.001,0.004,0.001,0.001,0.005,0.003,0.011,0.001,0.001,0.001,0.003,0.007,30.613,0.227,3.673,-0.073,3.827
GVRD0269-F-3,59.85,70.2,33.247,38.923,1.761,0.080,0.496,0.480,0.127,0.135,2.417,0.193,0.030,0.003,0.001,0.003,0.002,0.001,0.006,0.002,0.015,0.003,0.000,0.001,0.004,0.009,28.587,0.160,7.023,-0.010,7.173
GVRD0269-F-4,70.2,80.36,35.090,37.327,1.751,0.082,0.568,0.548,0.149,0.134,2.020,0.051,0.016,0.003,0.001,0.003,0.000,0.000,0.001,0.002,0.014,0.004,0.001,0.001,0.003,0.008,32.290,0.137,6.403,-0.080,6.460
GVRD0269-F-5,80.36,91.4,33.957,40.473,1.909,0.087,0.588,0.381,0.097,0.158,1.737,0.198,0.011,0.004,0.001,0.003,0.002,0.001,0.004,0.002,0.019,0.009,-0.001,0.001,0.003,0.008,32.450,0.153,5.087,-0.017,5.223
GVRD0269-F-6,91.4,101.39,35.533,38.500,1.041,0.045,0.600,1.251,0.112,0.050,1.757,0.315,0.014,0.002,0.001,0.010,0.002,0.001,0.002,0.001,0.009,0.001,0.001,0.001,0.003,0.009,35.023,-0.050,4.273,0.603,4.827
GVRD0269-F-7,101.39,111.8,36.050,38.213,1.141,0.052,0.589,1.269,0.123,0.086,1.803,0.402,0.015,0.002,0.001,0.006,0.001,0.001,0.002,0.001,0.011,0.004,0.001,0.001,0.003,0.008,36.507,-0.073,3.627,0.567,4.120
GVRD0269-F-8,111.8,122.17,33.190,39.810,1.894,0.085,0.569,0.597,0.117,0.146,2.237,0.233,0.018,0.003,0.001,0.002,0.001,0.004,0.002,0.002,0.016,0.007,0.001,0.001,0.004,0.008,31.773,0.077,6.427,-0.197,6.307
